Journal,MenuItem
lbjnewsletter,Articles & Issues
lbjnewsletter,Current Issue
lbjnewsletter,Previous Issues
lbjnewsletter,CME
lbjnewsletter,For Authors
lbjnewsletter,Information for Authors
lbjnewsletter,Language Editing Services
lbjnewsletter,Journal Info
lbjnewsletter,About the Journal
lbjnewsletter,Editorial Board
lbjnewsletter,Advertising
lbjnewsletter,Open Access
lbjnewsletter,Subscription Services
lbjnewsletter,Reprints
lbjnewsletter,Rights and Permissions
lww-medicalcare,Articles & Issues
lww-medicalcare,Current Issue
lww-medicalcare,Previous Issues
lww-medicalcare,Published Ahead-of-Print
lww-medicalcare,Collections
lww-medicalcare,Taking National Action to Prevent & Eliminate Healthcare Associated Infections
lww-medicalcare,Risk Adjustment
lww-medicalcare,Highly Cited Papers
lww-medicalcare,Blog
lww-medicalcare,For Authors
lww-medicalcare,Information for Authors
lww-medicalcare,Language Editing Services
lww-medicalcare,Journal Info
lww-medicalcare,About the Journal
lww-medicalcare,Editorial Board
lww-medicalcare,Affiliated Society
lww-medicalcare,Advertising
lww-medicalcare,Open Access
lww-medicalcare,Subscription Services
lww-medicalcare,Reprints
lww-medicalcare,Rights and Permissions
mcnjournal,Articles & Issues
mcnjournal,Previous Issues
mcnjournal,Published Ahead-of-Print
mcnjournal,Collections
mcnjournal,MCN Papers of the Year
mcnjournal,CE
mcnjournal,Journal Info
mcnjournal,About the Journal
mcnjournal,Editorial Board
mcnjournal,MCN Peer Reviewers
mcnjournal,Subscription Services
mcnjournal,Advertising
mcnjournal,Open Access
mcnjournal,Information for Authors
mcnjournal,Reprints
mcnjournal,Rights and Permissions
mecpsychiatry,Articles & Issues
mecpsychiatry,Current Issue
mecpsychiatry,Previous Issues 2011 Onwards
mecpsychiatry,Previous Issues 2006 to 2010
mecpsychiatry,For Authors
mecpsychiatry,Information for Authors
mecpsychiatry,Language Editing Services
mecpsychiatry,Journal Info
mecpsychiatry,About the Journal
mecpsychiatry,Editorial Board
mecpsychiatry,Advertising
mecpsychiatry,Open Access
mecpsychiatry,Subscription Services
mecpsychiatry,Reprints
mecpsychiatry,Rights and Permissions
mejmedgen,Articles & Issues
mejmedgen,Current Issue
mejmedgen,Previous Issues
mejmedgen,For Authors
mejmedgen,Information for Authors
mejmedgen,Language Editing Services
mejmedgen,Journal Info
mejmedgen,About the Journal
mejmedgen,About the Society
mejmedgen,Editorial Board
mejmedgen,Advertising
mejmedgen,Open Access
mejmedgen,Subscription Services
mejmedgen,Reprints
mejmedgen,Rights and Permissions
melanomaresearch,Articles & Issues
melanomaresearch,Current Issue
melanomaresearch,Previous Issues
melanomaresearch,Published Ahead-of-Print
melanomaresearch,Collections
melanomaresearch,Anti-CTLA4 (ipilimumab & tremelimumab)
melanomaresearch,BRAF inhibitors
melanomaresearch,Melanoma Research 20th Anniversary collection: 20 at 20
melanomaresearch,For Authors
melanomaresearch,Information for Authors
melanomaresearch,Language Editing Services
melanomaresearch,Journal Info
melanomaresearch,About the Journal
melanomaresearch,Editorial Board
melanomaresearch,Advertising
melanomaresearch,Open Access
melanomaresearch,Subscription Services
melanomaresearch,Reprints
melanomaresearch,Rights and Permissions
menopausejournal,Articles & Issues
menopausejournal,Current Issue
menopausejournal,Previous Issues
menopausejournal,Published Ahead-of-Print
menopausejournal,Collections
menopausejournal,For Authors
menopausejournal,Information for Authors
menopausejournal,Language Editing Services
menopausejournal,Journal Info
menopausejournal,About the Journal
menopausejournal,Editorial Board
menopausejournal,Affiliated Society
menopausejournal,Advertising
menopausejournal,Open Access
menopausejournal,Subscription Services
menopausejournal,Reprints
menopausejournal,Rights and Permissions
molecularpathology,Articles & Issues
molecularpathology,Current Issue
molecularpathology,Previous Issues - Applied Immunohistochemistry & Molecular Morphology
molecularpathology,Previous Issues - Diagnostic Molecular Pathology (1992-2013)
molecularpathology,Published Ahead-of-Print
molecularpathology,For Authors
molecularpathology,Information for Authors
molecularpathology,Language Editing Services
molecularpathology,Journal Info
molecularpathology,About the Journal
molecularpathology,Editorial Board
molecularpathology,Affiliated Society
molecularpathology,Advertising
molecularpathology,Open Access
molecularpathology,Subscription Services
molecularpathology,Reprints
molecularpathology,Rights and Permissions
mrjnrc,Articles & Issues
mrjnrc,Current Issue
mrjnrc,Previous Issues
mrjnrc,For Authors
mrjnrc,Information for Authors
mrjnrc,Editing Services
mrjnrc,Journal Info
mrjnrc,About the Journal
mrjnrc,Editorial Board
mrjnrc,About the Society
mrjnrc,Advertising
mrjnrc,Open Access
mrjnrc,Subscription Services
mrjnrc,Reprints
mrjnrc,Rights and Permissions
naqjournal,Articles & Issues
naqjournal,Current Issue
naqjournal,Previous Issues
naqjournal,Collections
naqjournal,For Authors
naqjournal,Information for Authors
naqjournal,Language Editing Services
naqjournal,Journal Info
naqjournal,About the Journal
naqjournal,Editorial Board
naqjournal,Advertising
naqjournal,Open Access
naqjournal,Subscription Services
naqjournal,Reprints
naqjournal,Rights and Permissions
neponline,Articles & Issues
neponline,Current Issue
neponline,Previous Issues
neponline,Published Ahead-of-Print
neponline,For Authors
neponline,Information for Authors
neponline,Language Editing Services
neponline,Journal Info
neponline,About the Journal
neponline,About the Society
neponline,Editorial Board
neponline,Advertising
neponline,Subscription Services
neponline,Reviewer Information
neponline,Reprints
neponline,Open Access
neponline,Rights and Permissions
neurologynow,Browse Conditions
neurologynow,Basics
neurologynow,Parkinson's/Movement Disorders
neurologynow,Alzheimer's/Dementia
neurologynow,Stroke
neurologynow,Sleep Disorders
neurologynow,Multiple Sclerosis
neurologynow,Migraine
neurologynow,Epilepsy
neurologynow,Pain
neurologynow,View All
neurologynow,Past Issues
neurologynow,Resource Central
neurologynow,Multimedia
neurologynow,Podcasts
neurologynow,Videos
neurologynow,Subscribe
neurologynow,Info & Services
neurologynow,About the Publication and Contact
neurologynow,Advisory Board
neurologynow,Subscription Services
neurologynow,Advertising
neurologynow,Information for Writers
neurologynow,Essay Submission
neurologynow,Reprints
neurologynow,Rights and Permissions
neurologynow,About the AAN
neurologynow,American Brain Foundation
neuroreport,Articles & Issues
neuroreport,Current Issue
neuroreport,Previous Issues
neuroreport,Published Ahead-of-Print
neuroreport,Collections
neuroreport,For Authors
neuroreport,Information for Authors
neuroreport,Language Editing Services
neuroreport,Journal Info
neuroreport,About the Journal
neuroreport,Editorial Board
neuroreport,Advertising
neuroreport,Open Access
neuroreport,Subscription Services
neuroreport,Reprints
neuroreport,Rights and Permissions
neurosurgery,Articles & Issues
neurosurgery,Current Issue
neurosurgery,Previous Issues
neurosurgery,Published Ahead-of-Print
neurosurgery,Supplements
neurosurgery,Collections
neurosurgery,Cerebrovascular
neurosurgery,Endovascular
neurosurgery,Evidence-Based Medicine
neurosurgery,General
neurosurgery,Neuroscience
neurosurgery,Neurotrauma
neurosurgery,Open Access
neurosurgery,Pediatrics
neurosurgery,Peripheral Nerve
neurosurgery,Science Times
neurosurgery,Socioeconomics, Health Policy & Law
neurosurgery,Spine
neurosurgery,Spine Focus Issue 2015
neurosurgery,Sports & Rehabilitation
neurosurgery,Stereotactic & Functional
neurosurgery,Tumor
neurosurgery,Podcasts
neurosurgery,Video
neurosurgery,Tutorials
neurosurgery,Cerebrovascular
neurosurgery,General
neurosurgery,Neurology
neurosurgery,Peripheral Nerve
neurosurgery,Spine
neurosurgery,Tumor
neurosurgery,Pediatrics
neurosurgery,Stereotactic & Functional
neurosurgery,3-D Video
neurosurgery,For Authors
neurosurgery,Information for Authors
neurosurgery,Language Editing Services
neurosurgery,Journal Info
neurosurgery,About the Journal
neurosurgery,About the Society
neurosurgery,Editorial Board
neurosurgery,International Advisory Board
neurosurgery,Advertising
neurosurgery,Open Access
neurosurgery,Subscription Services
neurosurgery,Reprints
neurosurgery,Rights and Permissions
neurosurgery,RSS Feeds
neurosurgery-quarterly,Articles & Issues
neurosurgery-quarterly,Current Issue
neurosurgery-quarterly,Previous Issues
neurosurgery-quarterly,Published Ahead-of-Print
neurosurgery-quarterly,For Authors
neurosurgery-quarterly,Information for Authors
neurosurgery-quarterly,Language Editing Services
neurosurgery-quarterly,Journal Info
neurosurgery-quarterly,About the Journal
neurosurgery-quarterly,Editorial Board
neurosurgery-quarterly,Advertising
neurosurgery-quarterly,Open Access
neurosurgery-quarterly,Subscription Services
neurosurgery-quarterly,Reprints
neurosurgery-quarterly,Rights and Permissions
nsca-jscr,Articles & Issues
nsca-jscr,Current Issue
nsca-jscr,Previous Issues
nsca-jscr,Published Ahead-of-Print
nsca-jscr,Collections
nsca-jscr,For Authors
nsca-jscr,Information for Authors
nsca-jscr,Language Editing Services
nsca-jscr,Journal Info
nsca-jscr,About the Journal
nsca-jscr,Editorial Board
nsca-jscr,Editorial Excellence Award Winners
nsca-jscr,Advertising
nsca-jscr,Open Access
nsca-jscr,Subscription Services
nsca-jscr,Reprints
nsca-jscr,Rights and Permissions
nuclearmed,Articles & Issues
nuclearmed,Current Issue
nuclearmed,Previous Issues
nuclearmed,Published Online First
nuclearmed,Collections
nuclearmed,ACNM Meetings
nuclearmed,CME
nuclearmed,Communication in Organization
nuclearmed,Feedback and Rewards
nuclearmed,From the American College of Nuclear Medicine
nuclearmed,Highly Cited and Frequently Read Articles
nuclearmed,Planning and Conducting Meetings Effectively
nuclearmed,Quality and Safety in Health Care
nuclearmed,Recruitment of New Physicians
nuclearmed,Tips for Giving a Memorable Presentation
nuclearmed,Tips for Leaders
nuclearmed,Tips for Physicians in Getting the Right Job
nuclearmed,ACNM
nuclearmed,Articles
nuclearmed,ACNM Website
nuclearmed,For Authors
nuclearmed,Information for Authors
nuclearmed,Language Editing Services
nuclearmed,Journal Info
nuclearmed,About the Journal
nuclearmed,Editorial Board
nuclearmed,Advertising
nuclearmed,Open Access
nuclearmed,Subscription Services
nuclearmed,Reprints
nuclearmed,Rights and Permissions
nuclearmedicinecomm,Articles & Issues
nuclearmedicinecomm,Current Issue
nuclearmedicinecomm,Previous Issues
nuclearmedicinecomm,Published Ahead-of-Print
nuclearmedicinecomm,Collections
nuclearmedicinecomm,For Authors
nuclearmedicinecomm,Information for Authors
nuclearmedicinecomm,Language Editing Services
nuclearmedicinecomm,Journal Info
nuclearmedicinecomm,About the Journal
nuclearmedicinecomm,Editorial Board
nuclearmedicinecomm,Affiliated Society
nuclearmedicinecomm,Advertising
nuclearmedicinecomm,Open Access
nuclearmedicinecomm,Subscription Services
nuclearmedicinecomm,Reprints
nuclearmedicinecomm,Rights and Permissions
nurseeducatoronline,Articles & Issues
nurseeducatoronline,Current Issue
nurseeducatoronline,Previous Issues
nurseeducatoronline,Published Ahead-of-Print
nurseeducatoronline,Collections
nurseeducatoronline,Multimedia
nurseeducatoronline,Videos
nurseeducatoronline,Podcasts
nurseeducatoronline,For Authors
nurseeducatoronline,Information for Authors
nurseeducatoronline,Language Editing Services
nurseeducatoronline,Journal Info
nurseeducatoronline,About the Journal
nurseeducatoronline,Editorial Board
nurseeducatoronline,Advertising
nurseeducatoronline,Open Access
nurseeducatoronline,Subscription Services
nurseeducatoronline,Reprints
nurseeducatoronline,Rights and Permissions
nursingcriticalcare,Articles & Issues
nursingcriticalcare,Previous Issues
nursingcriticalcare,Published Ahead-of-Print
nursingcriticalcare,Online Exclusives
nursingcriticalcare,Maintaining healthy work environments
nursingcriticalcare,A comparative study of code blue records
nursingcriticalcare,#Blacklivesmatter: Leveraging family collaboration in pain management
nursingcriticalcare,Social media use and critical care nursing: Implications for practice
nursingcriticalcare,Collections
nursingcriticalcare,Decoding Genetics
nursingcriticalcare,Heart Beats
nursingcriticalcare,Innovations in Practice
nursingcriticalcare,Mechanical Ventilation
nursingcriticalcare,Progressional Enrichment
nursingcriticalcare,Tech Talk
nursingcriticalcare,Info & Services
nursingcriticalcare,About the Publication
nursingcriticalcare,Editorial Board
nursingcriticalcare,Subscription Services
nursingcriticalcare,Advertising
nursingcriticalcare,Information for Authors
nursingcriticalcare,Reprints
nursingcriticalcare,Rights and Permissions
nursingmadeincrediblyeasy,Articles & Issues
nursingmadeincrediblyeasy,Archive
nursingmadeincrediblyeasy,Published Ahead-of-Print
nursingmadeincrediblyeasy,CE
nursingmadeincrediblyeasy,Online Exclusives
nursingmadeincrediblyeasy,Choosing your nursing career path
nursingmadeincrediblyeasy,Family presence during resuscitation in a rural ED setting
nursingmadeincrediblyeasy,My aching back: Relieving the pain of herniated disk
nursingmadeincrediblyeasy,Healthy feet are happy feet
nursingmadeincrediblyeasy,Can hospital care make a difference?
nursingmadeincrediblyeasy,QSEN competencies: A bridge to practice
nursingmadeincrediblyeasy,One hospital's war on diabetes
nursingmadeincrediblyeasy,Nurses and smoking cessation: Get on the road to success
nursingmadeincrediblyeasy,The nurse's quick guide to I.V. drug calculations
nursingmadeincrediblyeasy,Malaria: Has your patient traveled recently?
nursingmadeincrediblyeasy,Caring for Incarcerated patients
nursingmadeincrediblyeasy,Why are we here?
nursingmadeincrediblyeasy,Take a time-out from stress
nursingmadeincrediblyeasy,The girl with the golden hair
nursingmadeincrediblyeasy,Videos
nursingmadeincrediblyeasy,Collections
nursingmadeincrediblyeasy,Diversity Issues
nursingmadeincrediblyeasy,10th Anniversary! Celebrating Nurses
nursingmadeincrediblyeasy,Cardiovascular Connection
nursingmadeincrediblyeasy,Ask an Expert
nursingmadeincrediblyeasy,Editorials
nursingmadeincrediblyeasy,Infection Control
nursingmadeincrediblyeasy,Patient Safety
nursingmadeincrediblyeasy,Peak Technique
nursingmadeincrediblyeasy,Info & Services
nursingmadeincrediblyeasy,About the Publication
nursingmadeincrediblyeasy,Editorial Advisory Board
nursingmadeincrediblyeasy,Subscription Services
nursingmadeincrediblyeasy,Advertising
nursingmadeincrediblyeasy,Information for Authors
nursingmadeincrediblyeasy,Reprints
nursingmadeincrediblyeasy,Rights and Permissions
nursingmadeincrediblyeasy,Journal Info
nursingmadeincrediblyeasy,Open Access
nursingmanagement,Articles & Issues
nursingmanagement,Archive
nursingmanagement,Published Ahead-of-Print
nursingmanagement,CE
nursingmanagement,Online Exclusives
nursingmanagement,Are male nurses emotionally intelligent?
nursingmanagement,Collections
nursingmanagement,Equipment Purchasing
nursingmanagement,Executive Extra
nursingmanagement,For New Managers
nursingmanagement,Hospital Redesign
nursingmanagement,Infection Control
nursingmanagement,Magnetic Pull
nursingmanagement,Original Research
nursingmanagement,Patient Safety
nursingmanagement,Info & Services
nursingmanagement,About the Publication
nursingmanagement,Editorial Board
nursingmanagement,Affiliated Societies
nursingmanagement,Subscription Services
nursingmanagement,Advertising
nursingmanagement,Information for Authors
nursingmanagement,Reprints
nursingmanagement,Rights and Permissions
nursingmanagement,Journal Info
nursingmanagement,Open Access
nursingresearchonline,Articles & Issues
nursingresearchonline,Current Issue
nursingresearchonline,Previous Issues
nursingresearchonline,Published Ahead-of-Print
nursingresearchonline,Collections
nursingresearchonline,Calls for Papers
nursingresearchonline,For Authors & Reviewers
nursingresearchonline,Information for Authors
nursingresearchonline,Reviewer Guidelines
nursingresearchonline,Language Editing Services
nursingresearchonline,Open Manuscript Review
nursingresearchonline,List of Reviewers
nursingresearchonline,Editorial Commentary
nursingresearchonline,Register Your RCT
nursingresearchonline,Register Your Systematic Review or Meta-Analysis
nursingresearchonline,Journal Info
nursingresearchonline,About the Journal
nursingresearchonline,Editorial Board
nursingresearchonline,Affiliated Society
nursingresearchonline,Advertising
nursingresearchonline,Open Access
nursingresearchonline,Subscription Services
nursingresearchonline,Reprints
nursingresearchonline,Rights and Permissions
nutritiontodayonline,Articles & Issues
nutritiontodayonline,Current Issue
nutritiontodayonline,Previous Issues
nutritiontodayonline,Published Ahead-of-Print
nutritiontodayonline,Collections
nutritiontodayonline,Topical Collections
nutritiontodayonline,CE
nutritiontodayonline,For Authors
nutritiontodayonline,Information for Authors
nutritiontodayonline,Language Editing Services
nutritiontodayonline,Journal Info
nutritiontodayonline,About the Journal
nutritiontodayonline,Editorial Board
nutritiontodayonline,Advertising
nutritiontodayonline,Open Access
nutritiontodayonline,Subscription Services
nutritiontodayonline,Reprints
nutritiontodayonline,Rights and Permissions
obgynsurvey,Articles & Issues
obgynsurvey,Current Issue
obgynsurvey,Previous Issues
obgynsurvey,For Authors
obgynsurvey,Information for Authors
obgynsurvey,Language Editing Services
obgynsurvey,Journal Info
obgynsurvey,About the Journal
obgynsurvey,Editorial Board
obgynsurvey,Advertising
obgynsurvey,Open Access
obgynsurvey,Subscription Services
obgynsurvey,Reprints
obgynsurvey,Rights and Permissions
obstetricanesthesia,Articles & Issues
obstetricanesthesia,Current Issue
obstetricanesthesia,Previous Issues
obstetricanesthesia,Collections
obstetricanesthesia,Obstetric Airway Management
obstetricanesthesia,Maternal Embolism
obstetricanesthesia,Regional Anesthesia for Cesarean Section
obstetricanesthesia,General Anesthesia for Cesarean Section
obstetricanesthesia,Analgesia for Labor
obstetricanesthesia,Obstetric Hemorrhage
obstetricanesthesia,Pre-Eclampsia/Eclampsia
obstetricanesthesia,Pharmacology
obstetricanesthesia,Trauma
obstetricanesthesia,Infection and Sepsis
obstetricanesthesia,Maternal Obesity
obstetricanesthesia,Maternl Morbidity and Mortality
obstetricanesthesia,Neonatal Morbidity and Mortality
obstetricanesthesia,Obstetric Complications
obstetricanesthesia,Anesthetic Complications
obstetricanesthesia,Non-Obstetric Maternal Disease
obstetricanesthesia,Critical Care
obstetricanesthesia,Drug Abuse in Pregnancy
obstetricanesthesia,Ethics
obstetricanesthesia,Systems Based Practice
obstetricanesthesia,For Authors
obstetricanesthesia,Information for Authors
obstetricanesthesia,Language Editing Services
obstetricanesthesia,Journal Info
obstetricanesthesia,About the Journal
obstetricanesthesia,Editorial Board
obstetricanesthesia,Advertising
obstetricanesthesia,Open Access
obstetricanesthesia,Subscription Services
obstetricanesthesia,Reprints
obstetricanesthesia,Rights and Permissions
onsonline,Articles & Issues
onsonline,Current Issue
onsonline,Previous Issues
onsonline,Published Ahead-of-Print
onsonline,Collections
onsonline,3-D Video
onsonline,Complication
onsonline,Editor's Choice
onsonline,Instrumentation and Technique
onsonline,Instrumentation Assessment
onsonline,Operative Nuances
onsonline,Operative Technique
onsonline,Spine Collection
onsonline,Surgical Anatomy and Technique
onsonline,Technical Case Report
onsonline,Technique Assessment
onsonline,Video
onsonline,For Authors
onsonline,Information for Authors
onsonline,Language Editing Services
onsonline,Journal Info
onsonline,About the Journal
onsonline,Editorial Board
onsonline,Advertising
onsonline,Subscription Services
onsonline,Reprints
onsonline,Open Access
onsonline,Rights and Permissions
op-rs,Articles & Issues
op-rs,Current Issue
op-rs,Previous Issues
op-rs,Published Ahead-of-Print
op-rs,Collections
op-rs,Videos
op-rs,For Authors
op-rs,Information for Authors
op-rs,Information for Reviewers
op-rs,Language Editing Services
op-rs,Journal Info
op-rs,About the Journal
op-rs,Editorial Board
op-rs,Advertising
op-rs,Open Access
op-rs,Subscription Services
op-rs,Reprints
op-rs,Rights and Permissions
optvissci,Articles & Issues
optvissci,Current Issue
optvissci,Previous Issues
optvissci,Pre-Publication
optvissci,Collections
optvissci,For Authors
optvissci,Information for Authors
optvissci,Language Editing Services
optvissci,Journal Info
optvissci,About the Journal
optvissci,Editorial Board
optvissci,Society
optvissci,Advertising
optvissci,Open Access
optvissci,Subscription Services
optvissci,Reprints
optvissci,Rights and Permissions
orthopaedicnursing,Articles & Issues
orthopaedicnursing,Current Issue
orthopaedicnursing,Previous Issues
orthopaedicnursing,Published Ahead-of-Print
orthopaedicnursing,Collections
orthopaedicnursing,CE
orthopaedicnursing,For Authors
orthopaedicnursing,Information for Authors
orthopaedicnursing,Language Editing Services
orthopaedicnursing,Journal Info
orthopaedicnursing,About the Journal
orthopaedicnursing,Editorial Board
orthopaedicnursing,Affiliated Society
orthopaedicnursing,Advertising
orthopaedicnursing,Open Access
orthopaedicnursing,Subscription Services
orthopaedicnursing,Reprints
orthopaedicnursing,Rights and Permissions
otology-neurotology,Articles & Issues
otology-neurotology,Current Issue
otology-neurotology,Previous Issues
otology-neurotology,Published Ahead-of-Print
otology-neurotology,Collections
otology-neurotology,For Authors
otology-neurotology,Information for Authors
otology-neurotology,Language Editing Services
otology-neurotology,Journal Info
otology-neurotology,About the Journal
otology-neurotology,Editorial Board
otology-neurotology,Affiliated Societies
otology-neurotology,Advertising
otology-neurotology,Open Access
otology-neurotology,Subscription Services
otology-neurotology,Reprints
otology-neurotology,Rights and Permissions
pain,Articles & Issues
pain,Current Issue
pain,Previous Issues - Archived Issues
pain,Previous Issues - Supplements
pain,Articles in Press
pain,Collections
pain,Press Releases
pain,PAIN 2016: Global Year Against Pain in the Joints
pain,Neuropathic Pain
pain,Orofacial Pain
pain,Headache
pain,Supplements
pain,Videos
pain,For Authors
pain,Information for Authors
pain,Language Editing Services
pain,Journal Info
pain,About the Journal
pain,Editorial Board
pain,IASP
pain,Advertising
pain,Subscription Services
pain,Reprints
pain,Open Access
pain,Rights and Permissions
pain,Information for Reviewers
painrpts,Articles & Issues
painrpts,Current Issue
painrpts,Latest Articles
painrpts,Previous Issues
painrpts,For Authors
painrpts,Submit Your Manuscript
painrpts,Instructions for Authors
painrpts,Benefits for Authors
painrpts,Language Editing Services
painrpts,Open Access
painrpts,Journal Info
painrpts,About the Journal
painrpts,About the IASP
painrpts,Editorial Board
painrpts,Advertising
painrpts,Reprints
painrpts,Open Access
pancreasjournal,Articles & Issues
pancreasjournal,Current Issue
pancreasjournal,Previous Issues
pancreasjournal,Published Ahead-of-Print
pancreasjournal,Collections
pancreasjournal,Autoimmune Pancreatitis
pancreasjournal,NANETS Guidelines
pancreasjournal,NANETS Meeting Abstracts
pancreasjournal,For Authors
pancreasjournal,Information for Authors
pancreasjournal,Language Editing Services
pancreasjournal,Journal Info
pancreasjournal,About the Journal
pancreasjournal,Editorial Board
pancreasjournal,Affiliated Society
pancreasjournal,Advertising
pancreasjournal,Open Access
pancreasjournal,Subscription Services
pancreasjournal,Reprints
pancreasjournal,Rights and Permissions
pathologycasereviews,Articles & Issues
pathologycasereviews,Current Issue
pathologycasereviews,Previous Issues
pathologycasereviews,For Authors
pathologycasereviews,Information for Authors
pathologycasereviews,Language Editing Services
pathologycasereviews,Journal Info
pathologycasereviews,About the Journal
pathologycasereviews,Editorial Board
pathologycasereviews,Advertising
pathologycasereviews,Open Access
pathologycasereviews,Subscription Services
pathologycasereviews,Reprints
pathologycasereviews,Rights and Permissions
pathologyrcpa,Articles & Issues
pathologyrcpa,Current Issue
pathologyrcpa,Previous Issues
pathologyrcpa,Published Ahead-of-Print
pathologyrcpa,Collections
pathologyrcpa,For Authors
pathologyrcpa,Information for Authors
pathologyrcpa,Language Editing Services
pathologyrcpa,Journal Info
pathologyrcpa,About the Journal
pathologyrcpa,About the College
pathologyrcpa,Editorial Board
pathologyrcpa,Journal Staff and Contacts
pathologyrcpa,Advertising
pathologyrcpa,Open Access
pathologyrcpa,Subscription Services
pathologyrcpa,Reprints
pathologyrcpa,Rights and Permissions
pccmjournal,Articles & Issues
pccmjournal,Current Issue
pccmjournal,Previous Issues
pccmjournal,Published Ahead-of-Print
pccmjournal,Collections
pccmjournal,Podcasts
pccmjournal,For Authors
pccmjournal,Information for Authors
pccmjournal,Language Editing Services
pccmjournal,Journal Info
pccmjournal,About the Journal
pccmjournal,Editorial Board
pccmjournal,Affiliated Societies
pccmjournal,Advertising
pccmjournal,Open Access
pccmjournal,Subscription Services
pccmjournal,Reprints
pccmjournal,Rights and Permissions
pec-online,Articles & Issues
pec-online,Current Issue
pec-online,Previous Issues
pec-online,Published Ahead-of-Print
pec-online,Collections
pec-online,IT in the ED
pec-online,Pick Your Poison
pec-online,Ultrasound Case Reviews
pec-online,For Authors
pec-online,Information for Authors
pec-online,Language Editing Services
pec-online,Journal Info
pec-online,About the Journal
pec-online,Editorial Board
pec-online,Advertising
pec-online,Open Access
pec-online,Subscription Services
pec-online,Reprints
pec-online,Rights and Permissions
pedorthopaedics,Articles & Issues
pedorthopaedics,Current Issue
pedorthopaedics,Previous Issues
pedorthopaedics,Published Ahead-of-Print
pedorthopaedics,Collections
pedorthopaedics,For Authors
pedorthopaedics,Information for Authors
pedorthopaedics,Language Editing Services
pedorthopaedics,Journal Info
pedorthopaedics,About the Journal
pedorthopaedics,Editorial Board
pedorthopaedics,Affiliated Societies
pedorthopaedics,Advertising
pedorthopaedics,Open Access
pedorthopaedics,Subscription Services
pedorthopaedics,Reprints
pedorthopaedics,Rights and Permissions
pedpt,Articles & Issues
pedpt,Current Issue
pedpt,Previous Issues
pedpt,Published Ahead-of-Print
pedpt,Collections
pedpt,Podcasts
pedpt,For Authors
pedpt,Information for Authors
pedpt,Language Editing Services
pedpt,Journal Info
pedpt,About the Journal
pedpt,Editorial Board
pedpt,Review Board
pedpt,Advertising
pedpt,Open Access
pedpt,Subscription Services
pedpt,Reprints
pedpt,Rights and Permissions
poctjournal,Articles & Issues
poctjournal,Current Issue
poctjournal,Previous Issues
poctjournal,For Authors
poctjournal,Information for Authors
poctjournal,Language Editing Services
poctjournal,Journal Info
poctjournal,About the Journal
poctjournal,Editorial Board
poctjournal,Advertising
poctjournal,Open Access
poctjournal,Subscription Services
poctjournal,Reprints
poctjournal,Rights and Permissions
postgradobgyn,Articles & Issues
postgradobgyn,Current Issue
postgradobgyn,Previous Issues
postgradobgyn,CME
postgradobgyn,For Authors
postgradobgyn,Information for Authors
postgradobgyn,Editing Services
postgradobgyn,Journal Info
postgradobgyn,About the Journal
postgradobgyn,Editorial Board
postgradobgyn,Advertising
postgradobgyn,Open Access
postgradobgyn,Subscription Services
postgradobgyn,Reprints
postgradobgyn,Rights and Permissions
pqs,Articles & Issues
pqs,Latest Articles
pqs,Current Issue
pqs,Previous Issues
pqs,For Authors
pqs,Submit Your Manuscript
pqs,Information to Authors
pqs,Editorial, Legal, and Ethical Policies
pqs,Language Editing Services
pqs,Benefits for Authors
pqs,Open Access
pqs,Journal Info
pqs,About the Journal
pqs,Editorial Board
pqs,Instructions to Authors
pqs,Advertising
pqs,Reprints
pqs,Open Access
practicalpsychiatry,Articles & Issues
practicalpsychiatry,Current Issue
practicalpsychiatry,Previous Issues
practicalpsychiatry,Published Ahead-of-Print
practicalpsychiatry,Collections
practicalpsychiatry,For Authors
practicalpsychiatry,Information for Authors
practicalpsychiatry,Language Editing Services
practicalpsychiatry,Journal Info
practicalpsychiatry,About the Journal
practicalpsychiatry,Editorial Board
practicalpsychiatry,Advertising
practicalpsychiatry,Open Access
practicalpsychiatry,Subscription Services
practicalpsychiatry,Reprints
practicalpsychiatry,Rights and Permissions
proffesionalcasemanagmentjourna,Articles & Issues
proffesionalcasemanagmentjourna,Current Issue
proffesionalcasemanagmentjourna,Previous Issues
proffesionalcasemanagmentjourna,Published Ahead-of-Print
proffesionalcasemanagmentjourna,CE
proffesionalcasemanagmentjourna,Collections
proffesionalcasemanagmentjourna,For Authors
proffesionalcasemanagmentjourna,Information for Authors
proffesionalcasemanagmentjourna,Language Editing Services
proffesionalcasemanagmentjourna,Additional Resources
proffesionalcasemanagmentjourna,Case Management Books
proffesionalcasemanagmentjourna,Journal Info
proffesionalcasemanagmentjourna,About the Journal
proffesionalcasemanagmentjourna,Editorial Board
proffesionalcasemanagmentjourna,Advertising
proffesionalcasemanagmentjourna,Open Access
proffesionalcasemanagmentjourna,Subscription Services
proffesionalcasemanagmentjourna,Reprints
proffesionalcasemanagmentjourna,Rights and Permissions
progprevmed,Articles & Issues
progprevmed,Current Issue
progprevmed,Previous Issues
progprevmed,For Authors
progprevmed,Information for Authors
progprevmed,Language Editing Services
progprevmed,Journal Info
progprevmed,Aims and Scope
progprevmed,Editorial Board
progprevmed,Open Access
progprevmed,Instructions for Authors
progprevmed,Affiliated Societies
progprevmed,Advertising
progprevmed,Reprints
psnjournalonline,Articles & Issues
psnjournalonline,Current Issue
psnjournalonline,Previous Issues
psnjournalonline,Collections
psnjournalonline,Topical Collections
psnjournalonline,CE
psnjournalonline,For Authors
psnjournalonline,Information for Authors
psnjournalonline,Language Editing Services
psnjournalonline,Journal Info
psnjournalonline,About the Journal
psnjournalonline,Editorial Board
psnjournalonline,Affiliated Society
psnjournalonline,Advertising
psnjournalonline,Open Access
psnjournalonline,Subscription Services
psnjournalonline,Reprints
psnjournalonline,Rights and Permissions
psychgenetics,Articles & Issues
psychgenetics,Current Issue
psychgenetics,Previous Issues
psychgenetics,Published Ahead-of-Print
psychgenetics,For Authors
psychgenetics,Information for Authors
psychgenetics,Language Editing Services
psychgenetics,Journal Info
psychgenetics,About the Journal
psychgenetics,Editorial Board
psychgenetics,Advertising
psychgenetics,Open Access
psychgenetics,Subscription Services
psychgenetics,Reprints
psychgenetics,Rights and Permissions
psychopharmacology,Articles & Issues
psychopharmacology,Current Issue
psychopharmacology,Previous Issues
psychopharmacology,Published Ahead-of-Print
psychopharmacology,Collections
psychopharmacology,Blog
psychopharmacology,For Authors
psychopharmacology,Information for Authors
psychopharmacology,Language Editing Services
psychopharmacology,Journal Info
psychopharmacology,About the Journal
psychopharmacology,Editorial Board
psychopharmacology,Advertising
psychopharmacology,Open Access
psychopharmacology,Subscription Services
psychopharmacology,Reprints
psychopharmacology,Rights and Permissions
psychosomaticmedicine,Articles & Issues
psychosomaticmedicine,Current Issue
psychosomaticmedicine,Previous Issues
psychosomaticmedicine,Published Ahead-of-Print
psychosomaticmedicine,Collections
psychosomaticmedicine,Podcasts
psychosomaticmedicine,For Authors
psychosomaticmedicine,Information for Authors
psychosomaticmedicine,Language Editing Services
psychosomaticmedicine,Journal Info
psychosomaticmedicine,About the Journal
psychosomaticmedicine,About the Society
psychosomaticmedicine,Editorial Board
psychosomaticmedicine,Publication Staff Contacts
psychosomaticmedicine,Advertising
psychosomaticmedicine,Subscription Services
psychosomaticmedicine,Reprints
psychosomaticmedicine,Open Access
psychosomaticmedicine,Rights and Permissions
Journal,MenuItem
lbjnewsletter,Articles & Issues
lbjnewsletter,Current Issue
lbjnewsletter,Previous Issues
lbjnewsletter,CME
lbjnewsletter,For Authors
lbjnewsletter,Information for Authors
lbjnewsletter,Language Editing Services
lbjnewsletter,Journal Info
lbjnewsletter,About the Journal
lbjnewsletter,Editorial Board
lbjnewsletter,Advertising
lbjnewsletter,Open Access
lbjnewsletter,Subscription Services
lbjnewsletter,Reprints
lbjnewsletter,Rights and Permissions
lww-medicalcare,Articles & Issues
lww-medicalcare,Current Issue
lww-medicalcare,Previous Issues
lww-medicalcare,Published Ahead-of-Print
lww-medicalcare,Collections
lww-medicalcare,Taking National Action to Prevent & Eliminate Healthcare Associated Infections
lww-medicalcare,Risk Adjustment
lww-medicalcare,Highly Cited Papers
lww-medicalcare,Blog
lww-medicalcare,For Authors
lww-medicalcare,Information for Authors
lww-medicalcare,Language Editing Services
lww-medicalcare,Journal Info
lww-medicalcare,About the Journal
lww-medicalcare,Editorial Board
lww-medicalcare,Affiliated Society
lww-medicalcare,Advertising
lww-medicalcare,Open Access
lww-medicalcare,Subscription Services
lww-medicalcare,Reprints
lww-medicalcare,Rights and Permissions
mcnjournal,Articles & Issues
mcnjournal,Previous Issues
mcnjournal,Published Ahead-of-Print
mcnjournal,Collections
mcnjournal,MCN Papers of the Year
mcnjournal,CE
mcnjournal,Journal Info
mcnjournal,About the Journal
mcnjournal,Editorial Board
mcnjournal,MCN Peer Reviewers
mcnjournal,Subscription Services
mcnjournal,Advertising
mcnjournal,Open Access
mcnjournal,Information for Authors
mcnjournal,Reprints
mcnjournal,Rights and Permissions
mecpsychiatry,Articles & Issues
mecpsychiatry,Current Issue
mecpsychiatry,Previous Issues 2011 Onwards
mecpsychiatry,Previous Issues 2006 to 2010
mecpsychiatry,For Authors
mecpsychiatry,Information for Authors
mecpsychiatry,Language Editing Services
mecpsychiatry,Journal Info
mecpsychiatry,About the Journal
mecpsychiatry,Editorial Board
mecpsychiatry,Advertising
mecpsychiatry,Open Access
mecpsychiatry,Subscription Services
mecpsychiatry,Reprints
mecpsychiatry,Rights and Permissions
mejmedgen,Articles & Issues
mejmedgen,Current Issue
mejmedgen,Previous Issues
mejmedgen,For Authors
mejmedgen,Information for Authors
mejmedgen,Language Editing Services
mejmedgen,Journal Info
mejmedgen,About the Journal
mejmedgen,About the Society
mejmedgen,Editorial Board
mejmedgen,Advertising
mejmedgen,Open Access
mejmedgen,Subscription Services
mejmedgen,Reprints
mejmedgen,Rights and Permissions
melanomaresearch,Articles & Issues
melanomaresearch,Current Issue
melanomaresearch,Previous Issues
melanomaresearch,Published Ahead-of-Print
melanomaresearch,Collections
melanomaresearch,Anti-CTLA4 (ipilimumab & tremelimumab)
melanomaresearch,BRAF inhibitors
melanomaresearch,Melanoma Research 20th Anniversary collection: 20 at 20
melanomaresearch,For Authors
melanomaresearch,Information for Authors
melanomaresearch,Language Editing Services
melanomaresearch,Journal Info
melanomaresearch,About the Journal
melanomaresearch,Editorial Board
melanomaresearch,Advertising
melanomaresearch,Open Access
melanomaresearch,Subscription Services
melanomaresearch,Reprints
melanomaresearch,Rights and Permissions
menopausejournal,Articles & Issues
menopausejournal,Current Issue
menopausejournal,Previous Issues
menopausejournal,Published Ahead-of-Print
menopausejournal,Collections
menopausejournal,For Authors
menopausejournal,Information for Authors
menopausejournal,Language Editing Services
menopausejournal,Journal Info
menopausejournal,About the Journal
menopausejournal,Editorial Board
menopausejournal,Affiliated Society
menopausejournal,Advertising
menopausejournal,Open Access
menopausejournal,Subscription Services
menopausejournal,Reprints
menopausejournal,Rights and Permissions
molecularpathology,Articles & Issues
molecularpathology,Current Issue
molecularpathology,Previous Issues - Applied Immunohistochemistry & Molecular Morphology
molecularpathology,Previous Issues - Diagnostic Molecular Pathology (1992-2013)
molecularpathology,Published Ahead-of-Print
molecularpathology,For Authors
molecularpathology,Information for Authors
molecularpathology,Language Editing Services
molecularpathology,Journal Info
molecularpathology,About the Journal
molecularpathology,Editorial Board
molecularpathology,Affiliated Society
molecularpathology,Advertising
molecularpathology,Open Access
molecularpathology,Subscription Services
molecularpathology,Reprints
molecularpathology,Rights and Permissions
mrjnrc,Articles & Issues
mrjnrc,Current Issue
mrjnrc,Previous Issues
mrjnrc,For Authors
mrjnrc,Information for Authors
mrjnrc,Editing Services
mrjnrc,Journal Info
mrjnrc,About the Journal
mrjnrc,Editorial Board
mrjnrc,About the Society
mrjnrc,Advertising
mrjnrc,Open Access
mrjnrc,Subscription Services
mrjnrc,Reprints
mrjnrc,Rights and Permissions
naqjournal,Articles & Issues
naqjournal,Current Issue
naqjournal,Previous Issues
naqjournal,Collections
naqjournal,For Authors
naqjournal,Information for Authors
naqjournal,Language Editing Services
naqjournal,Journal Info
naqjournal,About the Journal
naqjournal,Editorial Board
naqjournal,Advertising
naqjournal,Open Access
naqjournal,Subscription Services
naqjournal,Reprints
naqjournal,Rights and Permissions
neponline,Articles & Issues
neponline,Current Issue
neponline,Previous Issues
neponline,Published Ahead-of-Print
neponline,For Authors
neponline,Information for Authors
neponline,Language Editing Services
neponline,Journal Info
neponline,About the Journal
neponline,About the Society
neponline,Editorial Board
neponline,Advertising
neponline,Subscription Services
neponline,Reviewer Information
neponline,Reprints
neponline,Open Access
neponline,Rights and Permissions
neurologynow,Browse Conditions
neurologynow,Basics
neurologynow,Parkinson's/Movement Disorders
neurologynow,Alzheimer's/Dementia
neurologynow,Stroke
neurologynow,Sleep Disorders
neurologynow,Multiple Sclerosis
neurologynow,Migraine
neurologynow,Epilepsy
neurologynow,Pain
neurologynow,View All
neurologynow,Past Issues
neurologynow,Resource Central
neurologynow,Multimedia
neurologynow,Podcasts
neurologynow,Videos
neurologynow,Subscribe
neurologynow,Info & Services
neurologynow,About the Publication and Contact
neurologynow,Advisory Board
neurologynow,Subscription Services
neurologynow,Advertising
neurologynow,Information for Writers
neurologynow,Essay Submission
neurologynow,Reprints
neurologynow,Rights and Permissions
neurologynow,About the AAN
neurologynow,American Brain Foundation
neuroreport,Articles & Issues
neuroreport,Current Issue
neuroreport,Previous Issues
neuroreport,Published Ahead-of-Print
neuroreport,Collections
neuroreport,For Authors
neuroreport,Information for Authors
neuroreport,Language Editing Services
neuroreport,Journal Info
neuroreport,About the Journal
neuroreport,Editorial Board
neuroreport,Advertising
neuroreport,Open Access
neuroreport,Subscription Services
neuroreport,Reprints
neuroreport,Rights and Permissions
neurosurgery,Articles & Issues
neurosurgery,Current Issue
neurosurgery,Previous Issues
neurosurgery,Published Ahead-of-Print
neurosurgery,Supplements
neurosurgery,Collections
neurosurgery,Cerebrovascular
neurosurgery,Endovascular
neurosurgery,Evidence-Based Medicine
neurosurgery,General
neurosurgery,Neuroscience
neurosurgery,Neurotrauma
neurosurgery,Open Access
neurosurgery,Pediatrics
neurosurgery,Peripheral Nerve
neurosurgery,Science Times
neurosurgery,Socioeconomics, Health Policy & Law
neurosurgery,Spine
neurosurgery,Spine Focus Issue 2015
neurosurgery,Sports & Rehabilitation
neurosurgery,Stereotactic & Functional
neurosurgery,Tumor
neurosurgery,Podcasts
neurosurgery,Video
neurosurgery,Tutorials
neurosurgery,Cerebrovascular
neurosurgery,General
neurosurgery,Neurology
neurosurgery,Peripheral Nerve
neurosurgery,Spine
neurosurgery,Tumor
neurosurgery,Pediatrics
neurosurgery,Stereotactic & Functional
neurosurgery,3-D Video
neurosurgery,For Authors
neurosurgery,Information for Authors
neurosurgery,Language Editing Services
neurosurgery,Journal Info
neurosurgery,About the Journal
neurosurgery,About the Society
neurosurgery,Editorial Board
neurosurgery,International Advisory Board
neurosurgery,Advertising
neurosurgery,Open Access
neurosurgery,Subscription Services
neurosurgery,Reprints
neurosurgery,Rights and Permissions
neurosurgery,RSS Feeds
neurosurgery-quarterly,Articles & Issues
neurosurgery-quarterly,Current Issue
neurosurgery-quarterly,Previous Issues
neurosurgery-quarterly,Published Ahead-of-Print
neurosurgery-quarterly,For Authors
neurosurgery-quarterly,Information for Authors
neurosurgery-quarterly,Language Editing Services
neurosurgery-quarterly,Journal Info
neurosurgery-quarterly,About the Journal
neurosurgery-quarterly,Editorial Board
neurosurgery-quarterly,Advertising
neurosurgery-quarterly,Open Access
neurosurgery-quarterly,Subscription Services
neurosurgery-quarterly,Reprints
neurosurgery-quarterly,Rights and Permissions
nsca-jscr,Articles & Issues
nsca-jscr,Current Issue
nsca-jscr,Previous Issues
nsca-jscr,Published Ahead-of-Print
nsca-jscr,Collections
nsca-jscr,For Authors
nsca-jscr,Information for Authors
nsca-jscr,Language Editing Services
nsca-jscr,Journal Info
nsca-jscr,About the Journal
nsca-jscr,Editorial Board
nsca-jscr,Editorial Excellence Award Winners
nsca-jscr,Advertising
nsca-jscr,Open Access
nsca-jscr,Subscription Services
nsca-jscr,Reprints
nsca-jscr,Rights and Permissions
nuclearmed,Articles & Issues
nuclearmed,Current Issue
nuclearmed,Previous Issues
nuclearmed,Published Online First
nuclearmed,Collections
nuclearmed,ACNM Meetings
nuclearmed,CME
nuclearmed,Communication in Organization
nuclearmed,Feedback and Rewards
nuclearmed,From the American College of Nuclear Medicine
nuclearmed,Highly Cited and Frequently Read Articles
nuclearmed,Planning and Conducting Meetings Effectively
nuclearmed,Quality and Safety in Health Care
nuclearmed,Recruitment of New Physicians
nuclearmed,Tips for Giving a Memorable Presentation
nuclearmed,Tips for Leaders
nuclearmed,Tips for Physicians in Getting the Right Job
nuclearmed,ACNM
nuclearmed,Articles
nuclearmed,ACNM Website
nuclearmed,For Authors
nuclearmed,Information for Authors
nuclearmed,Language Editing Services
nuclearmed,Journal Info
nuclearmed,About the Journal
nuclearmed,Editorial Board
nuclearmed,Advertising
nuclearmed,Open Access
nuclearmed,Subscription Services
nuclearmed,Reprints
nuclearmed,Rights and Permissions
nuclearmedicinecomm,Articles & Issues
nuclearmedicinecomm,Current Issue
nuclearmedicinecomm,Previous Issues
nuclearmedicinecomm,Published Ahead-of-Print
nuclearmedicinecomm,Collections
nuclearmedicinecomm,For Authors
nuclearmedicinecomm,Information for Authors
nuclearmedicinecomm,Language Editing Services
nuclearmedicinecomm,Journal Info
nuclearmedicinecomm,About the Journal
nuclearmedicinecomm,Editorial Board
nuclearmedicinecomm,Affiliated Society
nuclearmedicinecomm,Advertising
nuclearmedicinecomm,Open Access
nuclearmedicinecomm,Subscription Services
nuclearmedicinecomm,Reprints
nuclearmedicinecomm,Rights and Permissions
nurseeducatoronline,Articles & Issues
nurseeducatoronline,Current Issue
nurseeducatoronline,Previous Issues
nurseeducatoronline,Published Ahead-of-Print
nurseeducatoronline,Collections
nurseeducatoronline,Multimedia
nurseeducatoronline,Videos
nurseeducatoronline,Podcasts
nurseeducatoronline,For Authors
nurseeducatoronline,Information for Authors
nurseeducatoronline,Language Editing Services
nurseeducatoronline,Journal Info
nurseeducatoronline,About the Journal
nurseeducatoronline,Editorial Board
nurseeducatoronline,Advertising
nurseeducatoronline,Open Access
nurseeducatoronline,Subscription Services
nurseeducatoronline,Reprints
nurseeducatoronline,Rights and Permissions
nursingcriticalcare,Articles & Issues
nursingcriticalcare,Previous Issues
nursingcriticalcare,Published Ahead-of-Print
nursingcriticalcare,Online Exclusives
nursingcriticalcare,Maintaining healthy work environments
nursingcriticalcare,A comparative study of code blue records
nursingcriticalcare,#Blacklivesmatter: Leveraging family collaboration in pain management
nursingcriticalcare,Social media use and critical care nursing: Implications for practice
nursingcriticalcare,Collections
nursingcriticalcare,Decoding Genetics
nursingcriticalcare,Heart Beats
nursingcriticalcare,Innovations in Practice
nursingcriticalcare,Mechanical Ventilation
nursingcriticalcare,Progressional Enrichment
nursingcriticalcare,Tech Talk
nursingcriticalcare,Info & Services
nursingcriticalcare,About the Publication
nursingcriticalcare,Editorial Board
nursingcriticalcare,Subscription Services
nursingcriticalcare,Advertising
nursingcriticalcare,Information for Authors
nursingcriticalcare,Reprints
nursingcriticalcare,Rights and Permissions
nursingmadeincrediblyeasy,Articles & Issues
nursingmadeincrediblyeasy,Archive
nursingmadeincrediblyeasy,Published Ahead-of-Print
nursingmadeincrediblyeasy,CE
nursingmadeincrediblyeasy,Online Exclusives
nursingmadeincrediblyeasy,Choosing your nursing career path
nursingmadeincrediblyeasy,Family presence during resuscitation in a rural ED setting
nursingmadeincrediblyeasy,My aching back: Relieving the pain of herniated disk
nursingmadeincrediblyeasy,Healthy feet are happy feet
nursingmadeincrediblyeasy,Can hospital care make a difference?
nursingmadeincrediblyeasy,QSEN competencies: A bridge to practice
nursingmadeincrediblyeasy,One hospital's war on diabetes
nursingmadeincrediblyeasy,Nurses and smoking cessation: Get on the road to success
nursingmadeincrediblyeasy,The nurse's quick guide to I.V. drug calculations
nursingmadeincrediblyeasy,Malaria: Has your patient traveled recently?
nursingmadeincrediblyeasy,Caring for Incarcerated patients
nursingmadeincrediblyeasy,Why are we here?
nursingmadeincrediblyeasy,Take a time-out from stress
nursingmadeincrediblyeasy,The girl with the golden hair
nursingmadeincrediblyeasy,Videos
nursingmadeincrediblyeasy,Collections
nursingmadeincrediblyeasy,Diversity Issues
nursingmadeincrediblyeasy,10th Anniversary! Celebrating Nurses
nursingmadeincrediblyeasy,Cardiovascular Connection
nursingmadeincrediblyeasy,Ask an Expert
nursingmadeincrediblyeasy,Editorials
nursingmadeincrediblyeasy,Infection Control
nursingmadeincrediblyeasy,Patient Safety
nursingmadeincrediblyeasy,Peak Technique
nursingmadeincrediblyeasy,Info & Services
nursingmadeincrediblyeasy,About the Publication
nursingmadeincrediblyeasy,Editorial Advisory Board
nursingmadeincrediblyeasy,Subscription Services
nursingmadeincrediblyeasy,Advertising
nursingmadeincrediblyeasy,Information for Authors
nursingmadeincrediblyeasy,Reprints
nursingmadeincrediblyeasy,Rights and Permissions
nursingmadeincrediblyeasy,Journal Info
nursingmadeincrediblyeasy,Open Access
nursingmanagement,Articles & Issues
nursingmanagement,Archive
nursingmanagement,Published Ahead-of-Print
nursingmanagement,CE
nursingmanagement,Online Exclusives
nursingmanagement,Are male nurses emotionally intelligent?
nursingmanagement,Collections
nursingmanagement,Equipment Purchasing
nursingmanagement,Executive Extra
nursingmanagement,For New Managers
nursingmanagement,Hospital Redesign
nursingmanagement,Infection Control
nursingmanagement,Magnetic Pull
nursingmanagement,Original Research
nursingmanagement,Patient Safety
nursingmanagement,Info & Services
nursingmanagement,About the Publication
nursingmanagement,Editorial Board
nursingmanagement,Affiliated Societies
nursingmanagement,Subscription Services
nursingmanagement,Advertising
nursingmanagement,Information for Authors
nursingmanagement,Reprints
nursingmanagement,Rights and Permissions
nursingmanagement,Journal Info
nursingmanagement,Open Access
nursingresearchonline,Articles & Issues
nursingresearchonline,Current Issue
nursingresearchonline,Previous Issues
nursingresearchonline,Published Ahead-of-Print
nursingresearchonline,Collections
nursingresearchonline,Calls for Papers
nursingresearchonline,For Authors & Reviewers
nursingresearchonline,Information for Authors
nursingresearchonline,Reviewer Guidelines
nursingresearchonline,Language Editing Services
nursingresearchonline,Open Manuscript Review
nursingresearchonline,List of Reviewers
nursingresearchonline,Editorial Commentary
nursingresearchonline,Register Your RCT
nursingresearchonline,Register Your Systematic Review or Meta-Analysis
nursingresearchonline,Journal Info
nursingresearchonline,About the Journal
nursingresearchonline,Editorial Board
nursingresearchonline,Affiliated Society
nursingresearchonline,Advertising
nursingresearchonline,Open Access
nursingresearchonline,Subscription Services
nursingresearchonline,Reprints
nursingresearchonline,Rights and Permissions
nutritiontodayonline,Articles & Issues
nutritiontodayonline,Current Issue
nutritiontodayonline,Previous Issues
nutritiontodayonline,Published Ahead-of-Print
nutritiontodayonline,Collections
nutritiontodayonline,Topical Collections
nutritiontodayonline,CE
nutritiontodayonline,For Authors
nutritiontodayonline,Information for Authors
nutritiontodayonline,Language Editing Services
nutritiontodayonline,Journal Info
nutritiontodayonline,About the Journal
nutritiontodayonline,Editorial Board
nutritiontodayonline,Advertising
nutritiontodayonline,Open Access
nutritiontodayonline,Subscription Services
nutritiontodayonline,Reprints
nutritiontodayonline,Rights and Permissions
obgynsurvey,Articles & Issues
obgynsurvey,Current Issue
obgynsurvey,Previous Issues
obgynsurvey,For Authors
obgynsurvey,Information for Authors
obgynsurvey,Language Editing Services
obgynsurvey,Journal Info
obgynsurvey,About the Journal
obgynsurvey,Editorial Board
obgynsurvey,Advertising
obgynsurvey,Open Access
obgynsurvey,Subscription Services
obgynsurvey,Reprints
obgynsurvey,Rights and Permissions
obstetricanesthesia,Articles & Issues
obstetricanesthesia,Current Issue
obstetricanesthesia,Previous Issues
obstetricanesthesia,Collections
obstetricanesthesia,Obstetric Airway Management
obstetricanesthesia,Maternal Embolism
obstetricanesthesia,Regional Anesthesia for Cesarean Section
obstetricanesthesia,General Anesthesia for Cesarean Section
obstetricanesthesia,Analgesia for Labor
obstetricanesthesia,Obstetric Hemorrhage
obstetricanesthesia,Pre-Eclampsia/Eclampsia
obstetricanesthesia,Pharmacology
obstetricanesthesia,Trauma
obstetricanesthesia,Infection and Sepsis
obstetricanesthesia,Maternal Obesity
obstetricanesthesia,Maternl Morbidity and Mortality
obstetricanesthesia,Neonatal Morbidity and Mortality
obstetricanesthesia,Obstetric Complications
obstetricanesthesia,Anesthetic Complications
obstetricanesthesia,Non-Obstetric Maternal Disease
obstetricanesthesia,Critical Care
obstetricanesthesia,Drug Abuse in Pregnancy
obstetricanesthesia,Ethics
obstetricanesthesia,Systems Based Practice
obstetricanesthesia,For Authors
obstetricanesthesia,Information for Authors
obstetricanesthesia,Language Editing Services
obstetricanesthesia,Journal Info
obstetricanesthesia,About the Journal
obstetricanesthesia,Editorial Board
obstetricanesthesia,Advertising
obstetricanesthesia,Open Access
obstetricanesthesia,Subscription Services
obstetricanesthesia,Reprints
obstetricanesthesia,Rights and Permissions
onsonline,Articles & Issues
onsonline,Current Issue
onsonline,Previous Issues
onsonline,Published Ahead-of-Print
onsonline,Collections
onsonline,3-D Video
onsonline,Complication
onsonline,Editor's Choice
onsonline,Instrumentation and Technique
onsonline,Instrumentation Assessment
onsonline,Operative Nuances
onsonline,Operative Technique
onsonline,Spine Collection
onsonline,Surgical Anatomy and Technique
onsonline,Technical Case Report
onsonline,Technique Assessment
onsonline,Video
onsonline,For Authors
onsonline,Information for Authors
onsonline,Language Editing Services
onsonline,Journal Info
onsonline,About the Journal
onsonline,Editorial Board
onsonline,Advertising
onsonline,Subscription Services
onsonline,Reprints
onsonline,Open Access
onsonline,Rights and Permissions
op-rs,Articles & Issues
op-rs,Current Issue
op-rs,Previous Issues
op-rs,Published Ahead-of-Print
op-rs,Collections
op-rs,Videos
op-rs,For Authors
op-rs,Information for Authors
op-rs,Information for Reviewers
op-rs,Language Editing Services
op-rs,Journal Info
op-rs,About the Journal
op-rs,Editorial Board
op-rs,Advertising
op-rs,Open Access
op-rs,Subscription Services
op-rs,Reprints
op-rs,Rights and Permissions
optvissci,Articles & Issues
optvissci,Current Issue
optvissci,Previous Issues
optvissci,Pre-Publication
optvissci,Collections
optvissci,For Authors
optvissci,Information for Authors
optvissci,Language Editing Services
optvissci,Journal Info
optvissci,About the Journal
optvissci,Editorial Board
optvissci,Society
optvissci,Advertising
optvissci,Open Access
optvissci,Subscription Services
optvissci,Reprints
optvissci,Rights and Permissions
orthopaedicnursing,Articles & Issues
orthopaedicnursing,Current Issue
orthopaedicnursing,Previous Issues
orthopaedicnursing,Published Ahead-of-Print
orthopaedicnursing,Collections
orthopaedicnursing,CE
orthopaedicnursing,For Authors
orthopaedicnursing,Information for Authors
orthopaedicnursing,Language Editing Services
orthopaedicnursing,Journal Info
orthopaedicnursing,About the Journal
orthopaedicnursing,Editorial Board
orthopaedicnursing,Affiliated Society
orthopaedicnursing,Advertising
orthopaedicnursing,Open Access
orthopaedicnursing,Subscription Services
orthopaedicnursing,Reprints
orthopaedicnursing,Rights and Permissions
otology-neurotology,Articles & Issues
otology-neurotology,Current Issue
otology-neurotology,Previous Issues
otology-neurotology,Published Ahead-of-Print
otology-neurotology,Collections
otology-neurotology,For Authors
otology-neurotology,Information for Authors
otology-neurotology,Language Editing Services
otology-neurotology,Journal Info
otology-neurotology,About the Journal
otology-neurotology,Editorial Board
otology-neurotology,Affiliated Societies
otology-neurotology,Advertising
otology-neurotology,Open Access
otology-neurotology,Subscription Services
otology-neurotology,Reprints
otology-neurotology,Rights and Permissions
pain,Articles & Issues
pain,Current Issue
pain,Previous Issues - Archived Issues
pain,Previous Issues - Supplements
pain,Articles in Press
pain,Collections
pain,Press Releases
pain,PAIN 2016: Global Year Against Pain in the Joints
pain,Neuropathic Pain
pain,Orofacial Pain
pain,Headache
pain,Supplements
pain,Videos
pain,For Authors
pain,Information for Authors
pain,Language Editing Services
pain,Journal Info
pain,About the Journal
pain,Editorial Board
pain,IASP
pain,Advertising
pain,Subscription Services
pain,Reprints
pain,Open Access
pain,Rights and Permissions
pain,Information for Reviewers
painrpts,Articles & Issues
painrpts,Current Issue
painrpts,Latest Articles
painrpts,Previous Issues
painrpts,For Authors
painrpts,Submit Your Manuscript
painrpts,Instructions for Authors
painrpts,Benefits for Authors
painrpts,Language Editing Services
painrpts,Open Access
painrpts,Journal Info
painrpts,About the Journal
painrpts,About the IASP
painrpts,Editorial Board
painrpts,Advertising
painrpts,Reprints
painrpts,Open Access
pancreasjournal,Articles & Issues
pancreasjournal,Current Issue
pancreasjournal,Previous Issues
pancreasjournal,Published Ahead-of-Print
pancreasjournal,Collections
pancreasjournal,Autoimmune Pancreatitis
pancreasjournal,NANETS Guidelines
pancreasjournal,NANETS Meeting Abstracts
pancreasjournal,For Authors
pancreasjournal,Information for Authors
pancreasjournal,Language Editing Services
pancreasjournal,Journal Info
pancreasjournal,About the Journal
pancreasjournal,Editorial Board
pancreasjournal,Affiliated Society
pancreasjournal,Advertising
pancreasjournal,Open Access
pancreasjournal,Subscription Services
pancreasjournal,Reprints
pancreasjournal,Rights and Permissions
pathologycasereviews,Articles & Issues
pathologycasereviews,Current Issue
pathologycasereviews,Previous Issues
pathologycasereviews,For Authors
pathologycasereviews,Information for Authors
pathologycasereviews,Language Editing Services
pathologycasereviews,Journal Info
pathologycasereviews,About the Journal
pathologycasereviews,Editorial Board
pathologycasereviews,Advertising
pathologycasereviews,Open Access
pathologycasereviews,Subscription Services
pathologycasereviews,Reprints
pathologycasereviews,Rights and Permissions
pathologyrcpa,Articles & Issues
pathologyrcpa,Current Issue
pathologyrcpa,Previous Issues
pathologyrcpa,Published Ahead-of-Print
pathologyrcpa,Collections
pathologyrcpa,For Authors
pathologyrcpa,Information for Authors
pathologyrcpa,Language Editing Services
pathologyrcpa,Journal Info
pathologyrcpa,About the Journal
pathologyrcpa,About the College
pathologyrcpa,Editorial Board
pathologyrcpa,Journal Staff and Contacts
pathologyrcpa,Advertising
pathologyrcpa,Open Access
pathologyrcpa,Subscription Services
pathologyrcpa,Reprints
pathologyrcpa,Rights and Permissions
pccmjournal,Articles & Issues
pccmjournal,Current Issue
pccmjournal,Previous Issues
pccmjournal,Published Ahead-of-Print
pccmjournal,Collections
pccmjournal,Podcasts
pccmjournal,For Authors
pccmjournal,Information for Authors
pccmjournal,Language Editing Services
pccmjournal,Journal Info
pccmjournal,About the Journal
pccmjournal,Editorial Board
pccmjournal,Affiliated Societies
pccmjournal,Advertising
pccmjournal,Open Access
pccmjournal,Subscription Services
pccmjournal,Reprints
pccmjournal,Rights and Permissions
pec-online,Articles & Issues
pec-online,Current Issue
pec-online,Previous Issues
pec-online,Published Ahead-of-Print
pec-online,Collections
pec-online,IT in the ED
pec-online,Pick Your Poison
pec-online,Ultrasound Case Reviews
pec-online,For Authors
pec-online,Information for Authors
pec-online,Language Editing Services
pec-online,Journal Info
pec-online,About the Journal
pec-online,Editorial Board
pec-online,Advertising
pec-online,Open Access
pec-online,Subscription Services
pec-online,Reprints
pec-online,Rights and Permissions
pedorthopaedics,Articles & Issues
pedorthopaedics,Current Issue
pedorthopaedics,Previous Issues
pedorthopaedics,Published Ahead-of-Print
pedorthopaedics,Collections
pedorthopaedics,For Authors
pedorthopaedics,Information for Authors
pedorthopaedics,Language Editing Services
pedorthopaedics,Journal Info
pedorthopaedics,About the Journal
pedorthopaedics,Editorial Board
pedorthopaedics,Affiliated Societies
pedorthopaedics,Advertising
pedorthopaedics,Open Access
pedorthopaedics,Subscription Services
pedorthopaedics,Reprints
pedorthopaedics,Rights and Permissions
pedpt,Articles & Issues
pedpt,Current Issue
pedpt,Previous Issues
pedpt,Published Ahead-of-Print
pedpt,Collections
pedpt,Podcasts
pedpt,For Authors
pedpt,Information for Authors
pedpt,Language Editing Services
pedpt,Journal Info
pedpt,About the Journal
pedpt,Editorial Board
pedpt,Review Board
pedpt,Advertising
pedpt,Open Access
pedpt,Subscription Services
pedpt,Reprints
pedpt,Rights and Permissions
poctjournal,Articles & Issues
poctjournal,Current Issue
poctjournal,Previous Issues
poctjournal,For Authors
poctjournal,Information for Authors
poctjournal,Language Editing Services
poctjournal,Journal Info
poctjournal,About the Journal
poctjournal,Editorial Board
poctjournal,Advertising
poctjournal,Open Access
poctjournal,Subscription Services
poctjournal,Reprints
poctjournal,Rights and Permissions
postgradobgyn,Articles & Issues
postgradobgyn,Current Issue
postgradobgyn,Previous Issues
postgradobgyn,CME
postgradobgyn,For Authors
postgradobgyn,Information for Authors
postgradobgyn,Editing Services
postgradobgyn,Journal Info
postgradobgyn,About the Journal
postgradobgyn,Editorial Board
postgradobgyn,Advertising
postgradobgyn,Open Access
postgradobgyn,Subscription Services
postgradobgyn,Reprints
postgradobgyn,Rights and Permissions
pqs,Articles & Issues
pqs,Latest Articles
pqs,Current Issue
pqs,Previous Issues
pqs,For Authors
pqs,Submit Your Manuscript
pqs,Information to Authors
pqs,Editorial, Legal, and Ethical Policies
pqs,Language Editing Services
pqs,Benefits for Authors
pqs,Open Access
pqs,Journal Info
pqs,About the Journal
pqs,Editorial Board
pqs,Instructions to Authors
pqs,Advertising
pqs,Reprints
pqs,Open Access
practicalpsychiatry,Articles & Issues
practicalpsychiatry,Current Issue
practicalpsychiatry,Previous Issues
practicalpsychiatry,Published Ahead-of-Print
practicalpsychiatry,Collections
practicalpsychiatry,For Authors
practicalpsychiatry,Information for Authors
practicalpsychiatry,Language Editing Services
practicalpsychiatry,Journal Info
practicalpsychiatry,About the Journal
practicalpsychiatry,Editorial Board
practicalpsychiatry,Advertising
practicalpsychiatry,Open Access
practicalpsychiatry,Subscription Services
practicalpsychiatry,Reprints
practicalpsychiatry,Rights and Permissions
proffesionalcasemanagmentjourna,Articles & Issues
proffesionalcasemanagmentjourna,Current Issue
proffesionalcasemanagmentjourna,Previous Issues
proffesionalcasemanagmentjourna,Published Ahead-of-Print
proffesionalcasemanagmentjourna,CE
proffesionalcasemanagmentjourna,Collections
proffesionalcasemanagmentjourna,For Authors
proffesionalcasemanagmentjourna,Information for Authors
proffesionalcasemanagmentjourna,Language Editing Services
proffesionalcasemanagmentjourna,Additional Resources
proffesionalcasemanagmentjourna,Case Management Books
proffesionalcasemanagmentjourna,Journal Info
proffesionalcasemanagmentjourna,About the Journal
proffesionalcasemanagmentjourna,Editorial Board
proffesionalcasemanagmentjourna,Advertising
proffesionalcasemanagmentjourna,Open Access
proffesionalcasemanagmentjourna,Subscription Services
proffesionalcasemanagmentjourna,Reprints
proffesionalcasemanagmentjourna,Rights and Permissions
progprevmed,Articles & Issues
progprevmed,Current Issue
progprevmed,Previous Issues
progprevmed,For Authors
progprevmed,Information for Authors
progprevmed,Language Editing Services
progprevmed,Journal Info
progprevmed,Aims and Scope
progprevmed,Editorial Board
progprevmed,Open Access
progprevmed,Instructions for Authors
progprevmed,Affiliated Societies
progprevmed,Advertising
progprevmed,Reprints
psnjournalonline,Articles & Issues
psnjournalonline,Current Issue
psnjournalonline,Previous Issues
psnjournalonline,Collections
psnjournalonline,Topical Collections
psnjournalonline,CE
psnjournalonline,For Authors
psnjournalonline,Information for Authors
psnjournalonline,Language Editing Services
psnjournalonline,Journal Info
psnjournalonline,About the Journal
psnjournalonline,Editorial Board
psnjournalonline,Affiliated Society
psnjournalonline,Advertising
psnjournalonline,Open Access
psnjournalonline,Subscription Services
psnjournalonline,Reprints
psnjournalonline,Rights and Permissions
psychgenetics,Articles & Issues
psychgenetics,Current Issue
psychgenetics,Previous Issues
psychgenetics,Published Ahead-of-Print
psychgenetics,For Authors
psychgenetics,Information for Authors
psychgenetics,Language Editing Services
psychgenetics,Journal Info
psychgenetics,About the Journal
psychgenetics,Editorial Board
psychgenetics,Advertising
psychgenetics,Open Access
psychgenetics,Subscription Services
psychgenetics,Reprints
psychgenetics,Rights and Permissions
psychopharmacology,Articles & Issues
psychopharmacology,Current Issue
psychopharmacology,Previous Issues
psychopharmacology,Published Ahead-of-Print
psychopharmacology,Collections
psychopharmacology,Blog
psychopharmacology,For Authors
psychopharmacology,Information for Authors
psychopharmacology,Language Editing Services
psychopharmacology,Journal Info
psychopharmacology,About the Journal
psychopharmacology,Editorial Board
psychopharmacology,Advertising
psychopharmacology,Open Access
psychopharmacology,Subscription Services
psychopharmacology,Reprints
psychopharmacology,Rights and Permissions
psychosomaticmedicine,Articles & Issues
psychosomaticmedicine,Current Issue
psychosomaticmedicine,Previous Issues
psychosomaticmedicine,Published Ahead-of-Print
psychosomaticmedicine,Collections
psychosomaticmedicine,Podcasts
psychosomaticmedicine,For Authors
psychosomaticmedicine,Information for Authors
psychosomaticmedicine,Language Editing Services
psychosomaticmedicine,Journal Info
psychosomaticmedicine,About the Journal
psychosomaticmedicine,About the Society
psychosomaticmedicine,Editorial Board
psychosomaticmedicine,Publication Staff Contacts
psychosomaticmedicine,Advertising
psychosomaticmedicine,Subscription Services
psychosomaticmedicine,Reprints
psychosomaticmedicine,Open Access
psychosomaticmedicine,Rights and Permissions
Journal,MenuItem
lbjnewsletter,Articles & Issues
lbjnewsletter,Current Issue
lbjnewsletter,Previous Issues
lbjnewsletter,CME
lbjnewsletter,For Authors
lbjnewsletter,Information for Authors
lbjnewsletter,Language Editing Services
lbjnewsletter,Journal Info
lbjnewsletter,About the Journal
lbjnewsletter,Editorial Board
lbjnewsletter,Advertising
lbjnewsletter,Open Access
lbjnewsletter,Subscription Services
lbjnewsletter,Reprints
lbjnewsletter,Rights and Permissions
lww-medicalcare,Articles & Issues
lww-medicalcare,Current Issue
lww-medicalcare,Previous Issues
lww-medicalcare,Published Ahead-of-Print
lww-medicalcare,Collections
lww-medicalcare,Taking National Action to Prevent & Eliminate Healthcare Associated Infections
lww-medicalcare,Risk Adjustment
lww-medicalcare,Highly Cited Papers
lww-medicalcare,Blog
lww-medicalcare,For Authors
lww-medicalcare,Information for Authors
lww-medicalcare,Language Editing Services
lww-medicalcare,Journal Info
lww-medicalcare,About the Journal
lww-medicalcare,Editorial Board
lww-medicalcare,Affiliated Society
lww-medicalcare,Advertising
lww-medicalcare,Open Access
lww-medicalcare,Subscription Services
lww-medicalcare,Reprints
lww-medicalcare,Rights and Permissions
mcnjournal,Articles & Issues
mcnjournal,Previous Issues
mcnjournal,Published Ahead-of-Print
mcnjournal,Collections
mcnjournal,MCN Papers of the Year
mcnjournal,CE
mcnjournal,Journal Info
mcnjournal,About the Journal
mcnjournal,Editorial Board
mcnjournal,MCN Peer Reviewers
mcnjournal,Subscription Services
mcnjournal,Advertising
mcnjournal,Open Access
mcnjournal,Information for Authors
mcnjournal,Reprints
mcnjournal,Rights and Permissions
mecpsychiatry,Articles & Issues
mecpsychiatry,Current Issue
mecpsychiatry,Previous Issues 2011 Onwards
mecpsychiatry,Previous Issues 2006 to 2010
mecpsychiatry,For Authors
mecpsychiatry,Information for Authors
mecpsychiatry,Language Editing Services
mecpsychiatry,Journal Info
mecpsychiatry,About the Journal
mecpsychiatry,Editorial Board
mecpsychiatry,Advertising
mecpsychiatry,Open Access
mecpsychiatry,Subscription Services
mecpsychiatry,Reprints
mecpsychiatry,Rights and Permissions
mejmedgen,Articles & Issues
mejmedgen,Current Issue
mejmedgen,Previous Issues
mejmedgen,For Authors
mejmedgen,Information for Authors
mejmedgen,Language Editing Services
mejmedgen,Journal Info
mejmedgen,About the Journal
mejmedgen,About the Society
mejmedgen,Editorial Board
mejmedgen,Advertising
mejmedgen,Open Access
mejmedgen,Subscription Services
mejmedgen,Reprints
mejmedgen,Rights and Permissions
melanomaresearch,Articles & Issues
melanomaresearch,Current Issue
melanomaresearch,Previous Issues
melanomaresearch,Published Ahead-of-Print
melanomaresearch,Collections
melanomaresearch,Anti-CTLA4 (ipilimumab & tremelimumab)
melanomaresearch,BRAF inhibitors
melanomaresearch,Melanoma Research 20th Anniversary collection: 20 at 20
melanomaresearch,For Authors
melanomaresearch,Information for Authors
melanomaresearch,Language Editing Services
melanomaresearch,Journal Info
melanomaresearch,About the Journal
melanomaresearch,Editorial Board
melanomaresearch,Advertising
melanomaresearch,Open Access
melanomaresearch,Subscription Services
melanomaresearch,Reprints
melanomaresearch,Rights and Permissions
menopausejournal,Articles & Issues
menopausejournal,Current Issue
menopausejournal,Previous Issues
menopausejournal,Published Ahead-of-Print
menopausejournal,Collections
menopausejournal,For Authors
menopausejournal,Information for Authors
menopausejournal,Language Editing Services
menopausejournal,Journal Info
menopausejournal,About the Journal
menopausejournal,Editorial Board
menopausejournal,Affiliated Society
menopausejournal,Advertising
menopausejournal,Open Access
menopausejournal,Subscription Services
menopausejournal,Reprints
menopausejournal,Rights and Permissions
molecularpathology,Articles & Issues
molecularpathology,Current Issue
molecularpathology,Previous Issues - Applied Immunohistochemistry & Molecular Morphology
molecularpathology,Previous Issues - Diagnostic Molecular Pathology (1992-2013)
molecularpathology,Published Ahead-of-Print
molecularpathology,For Authors
molecularpathology,Information for Authors
molecularpathology,Language Editing Services
molecularpathology,Journal Info
molecularpathology,About the Journal
molecularpathology,Editorial Board
molecularpathology,Affiliated Society
molecularpathology,Advertising
molecularpathology,Open Access
molecularpathology,Subscription Services
molecularpathology,Reprints
molecularpathology,Rights and Permissions
mrjnrc,Articles & Issues
mrjnrc,Current Issue
mrjnrc,Previous Issues
mrjnrc,For Authors
mrjnrc,Information for Authors
mrjnrc,Editing Services
mrjnrc,Journal Info
mrjnrc,About the Journal
mrjnrc,Editorial Board
mrjnrc,About the Society
mrjnrc,Advertising
mrjnrc,Open Access
mrjnrc,Subscription Services
mrjnrc,Reprints
mrjnrc,Rights and Permissions
naqjournal,Articles & Issues
naqjournal,Current Issue
naqjournal,Previous Issues
naqjournal,Collections
naqjournal,For Authors
naqjournal,Information for Authors
naqjournal,Language Editing Services
naqjournal,Journal Info
naqjournal,About the Journal
naqjournal,Editorial Board
naqjournal,Advertising
naqjournal,Open Access
naqjournal,Subscription Services
naqjournal,Reprints
naqjournal,Rights and Permissions
neponline,Articles & Issues
neponline,Current Issue
neponline,Previous Issues
neponline,Published Ahead-of-Print
neponline,For Authors
neponline,Information for Authors
neponline,Language Editing Services
neponline,Journal Info
neponline,About the Journal
neponline,About the Society
neponline,Editorial Board
neponline,Advertising
neponline,Subscription Services
neponline,Reviewer Information
neponline,Reprints
neponline,Open Access
neponline,Rights and Permissions
neurologynow,Browse Conditions
neurologynow,Basics
neurologynow,Parkinson's/Movement Disorders
neurologynow,Alzheimer's/Dementia
neurologynow,Stroke
neurologynow,Sleep Disorders
neurologynow,Multiple Sclerosis
neurologynow,Migraine
neurologynow,Epilepsy
neurologynow,Pain
neurologynow,View All
neurologynow,Past Issues
neurologynow,Resource Central
neurologynow,Multimedia
neurologynow,Podcasts
neurologynow,Videos
neurologynow,Subscribe
neurologynow,Info & Services
neurologynow,About the Publication and Contact
neurologynow,Advisory Board
neurologynow,Subscription Services
neurologynow,Advertising
neurologynow,Information for Writers
neurologynow,Essay Submission
neurologynow,Reprints
neurologynow,Rights and Permissions
neurologynow,About the AAN
neurologynow,American Brain Foundation
neuroreport,Articles & Issues
neuroreport,Current Issue
neuroreport,Previous Issues
neuroreport,Published Ahead-of-Print
neuroreport,Collections
neuroreport,For Authors
neuroreport,Information for Authors
neuroreport,Language Editing Services
neuroreport,Journal Info
neuroreport,About the Journal
neuroreport,Editorial Board
neuroreport,Advertising
neuroreport,Open Access
neuroreport,Subscription Services
neuroreport,Reprints
neuroreport,Rights and Permissions
neurosurgery,Articles & Issues
neurosurgery,Current Issue
neurosurgery,Previous Issues
neurosurgery,Published Ahead-of-Print
neurosurgery,Supplements
neurosurgery,Collections
neurosurgery,Cerebrovascular
neurosurgery,Endovascular
neurosurgery,Evidence-Based Medicine
neurosurgery,General
neurosurgery,Neuroscience
neurosurgery,Neurotrauma
neurosurgery,Open Access
neurosurgery,Pediatrics
neurosurgery,Peripheral Nerve
neurosurgery,Science Times
neurosurgery,Socioeconomics, Health Policy & Law
neurosurgery,Spine
neurosurgery,Spine Focus Issue 2015
neurosurgery,Sports & Rehabilitation
neurosurgery,Stereotactic & Functional
neurosurgery,Tumor
neurosurgery,Podcasts
neurosurgery,Video
neurosurgery,Tutorials
neurosurgery,Cerebrovascular
neurosurgery,General
neurosurgery,Neurology
neurosurgery,Peripheral Nerve
neurosurgery,Spine
neurosurgery,Tumor
neurosurgery,Pediatrics
neurosurgery,Stereotactic & Functional
neurosurgery,3-D Video
neurosurgery,For Authors
neurosurgery,Information for Authors
neurosurgery,Language Editing Services
neurosurgery,Journal Info
neurosurgery,About the Journal
neurosurgery,About the Society
neurosurgery,Editorial Board
neurosurgery,International Advisory Board
neurosurgery,Advertising
neurosurgery,Open Access
neurosurgery,Subscription Services
neurosurgery,Reprints
neurosurgery,Rights and Permissions
neurosurgery,RSS Feeds
neurosurgery-quarterly,Articles & Issues
neurosurgery-quarterly,Current Issue
neurosurgery-quarterly,Previous Issues
neurosurgery-quarterly,Published Ahead-of-Print
neurosurgery-quarterly,For Authors
neurosurgery-quarterly,Information for Authors
neurosurgery-quarterly,Language Editing Services
neurosurgery-quarterly,Journal Info
neurosurgery-quarterly,About the Journal
neurosurgery-quarterly,Editorial Board
neurosurgery-quarterly,Advertising
neurosurgery-quarterly,Open Access
neurosurgery-quarterly,Subscription Services
neurosurgery-quarterly,Reprints
neurosurgery-quarterly,Rights and Permissions
nsca-jscr,Articles & Issues
nsca-jscr,Current Issue
nsca-jscr,Previous Issues
nsca-jscr,Published Ahead-of-Print
nsca-jscr,Collections
nsca-jscr,For Authors
nsca-jscr,Information for Authors
nsca-jscr,Language Editing Services
nsca-jscr,Journal Info
nsca-jscr,About the Journal
nsca-jscr,Editorial Board
nsca-jscr,Editorial Excellence Award Winners
nsca-jscr,Advertising
nsca-jscr,Open Access
nsca-jscr,Subscription Services
nsca-jscr,Reprints
nsca-jscr,Rights and Permissions
nuclearmed,Articles & Issues
nuclearmed,Current Issue
nuclearmed,Previous Issues
nuclearmed,Published Online First
nuclearmed,Collections
nuclearmed,ACNM Meetings
nuclearmed,CME
nuclearmed,Communication in Organization
nuclearmed,Feedback and Rewards
nuclearmed,From the American College of Nuclear Medicine
nuclearmed,Highly Cited and Frequently Read Articles
nuclearmed,Planning and Conducting Meetings Effectively
nuclearmed,Quality and Safety in Health Care
nuclearmed,Recruitment of New Physicians
nuclearmed,Tips for Giving a Memorable Presentation
nuclearmed,Tips for Leaders
nuclearmed,Tips for Physicians in Getting the Right Job
nuclearmed,ACNM
nuclearmed,Articles
nuclearmed,ACNM Website
nuclearmed,For Authors
nuclearmed,Information for Authors
nuclearmed,Language Editing Services
nuclearmed,Journal Info
nuclearmed,About the Journal
nuclearmed,Editorial Board
nuclearmed,Advertising
nuclearmed,Open Access
nuclearmed,Subscription Services
nuclearmed,Reprints
nuclearmed,Rights and Permissions
nuclearmedicinecomm,Articles & Issues
nuclearmedicinecomm,Current Issue
nuclearmedicinecomm,Previous Issues
nuclearmedicinecomm,Published Ahead-of-Print
nuclearmedicinecomm,Collections
nuclearmedicinecomm,For Authors
nuclearmedicinecomm,Information for Authors
nuclearmedicinecomm,Language Editing Services
nuclearmedicinecomm,Journal Info
nuclearmedicinecomm,About the Journal
nuclearmedicinecomm,Editorial Board
nuclearmedicinecomm,Affiliated Society
nuclearmedicinecomm,Advertising
nuclearmedicinecomm,Open Access
nuclearmedicinecomm,Subscription Services
nuclearmedicinecomm,Reprints
nuclearmedicinecomm,Rights and Permissions
nurseeducatoronline,Articles & Issues
nurseeducatoronline,Current Issue
nurseeducatoronline,Previous Issues
nurseeducatoronline,Published Ahead-of-Print
nurseeducatoronline,Collections
nurseeducatoronline,Multimedia
nurseeducatoronline,Videos
nurseeducatoronline,Podcasts
nurseeducatoronline,For Authors
nurseeducatoronline,Information for Authors
nurseeducatoronline,Language Editing Services
nurseeducatoronline,Journal Info
nurseeducatoronline,About the Journal
nurseeducatoronline,Editorial Board
nurseeducatoronline,Advertising
nurseeducatoronline,Open Access
nurseeducatoronline,Subscription Services
nurseeducatoronline,Reprints
nurseeducatoronline,Rights and Permissions
nursingcriticalcare,Articles & Issues
nursingcriticalcare,Previous Issues
nursingcriticalcare,Published Ahead-of-Print
nursingcriticalcare,Online Exclusives
nursingcriticalcare,Maintaining healthy work environments
nursingcriticalcare,A comparative study of code blue records
nursingcriticalcare,#Blacklivesmatter: Leveraging family collaboration in pain management
nursingcriticalcare,Social media use and critical care nursing: Implications for practice
nursingcriticalcare,Collections
nursingcriticalcare,Decoding Genetics
nursingcriticalcare,Heart Beats
nursingcriticalcare,Innovations in Practice
nursingcriticalcare,Mechanical Ventilation
nursingcriticalcare,Progressional Enrichment
nursingcriticalcare,Tech Talk
nursingcriticalcare,Info & Services
nursingcriticalcare,About the Publication
nursingcriticalcare,Editorial Board
nursingcriticalcare,Subscription Services
nursingcriticalcare,Advertising
nursingcriticalcare,Information for Authors
nursingcriticalcare,Reprints
nursingcriticalcare,Rights and Permissions
nursingmadeincrediblyeasy,Articles & Issues
nursingmadeincrediblyeasy,Archive
nursingmadeincrediblyeasy,Published Ahead-of-Print
nursingmadeincrediblyeasy,CE
nursingmadeincrediblyeasy,Online Exclusives
nursingmadeincrediblyeasy,Choosing your nursing career path
nursingmadeincrediblyeasy,Family presence during resuscitation in a rural ED setting
nursingmadeincrediblyeasy,My aching back: Relieving the pain of herniated disk
nursingmadeincrediblyeasy,Healthy feet are happy feet
nursingmadeincrediblyeasy,Can hospital care make a difference?
nursingmadeincrediblyeasy,QSEN competencies: A bridge to practice
nursingmadeincrediblyeasy,One hospital's war on diabetes
nursingmadeincrediblyeasy,Nurses and smoking cessation: Get on the road to success
nursingmadeincrediblyeasy,The nurse's quick guide to I.V. drug calculations
nursingmadeincrediblyeasy,Malaria: Has your patient traveled recently?
nursingmadeincrediblyeasy,Caring for Incarcerated patients
nursingmadeincrediblyeasy,Why are we here?
nursingmadeincrediblyeasy,Take a time-out from stress
nursingmadeincrediblyeasy,The girl with the golden hair
nursingmadeincrediblyeasy,Videos
nursingmadeincrediblyeasy,Collections
nursingmadeincrediblyeasy,Diversity Issues
nursingmadeincrediblyeasy,10th Anniversary! Celebrating Nurses
nursingmadeincrediblyeasy,Cardiovascular Connection
nursingmadeincrediblyeasy,Ask an Expert
nursingmadeincrediblyeasy,Editorials
nursingmadeincrediblyeasy,Infection Control
nursingmadeincrediblyeasy,Patient Safety
nursingmadeincrediblyeasy,Peak Technique
nursingmadeincrediblyeasy,Info & Services
nursingmadeincrediblyeasy,About the Publication
nursingmadeincrediblyeasy,Editorial Advisory Board
nursingmadeincrediblyeasy,Subscription Services
nursingmadeincrediblyeasy,Advertising
nursingmadeincrediblyeasy,Information for Authors
nursingmadeincrediblyeasy,Reprints
nursingmadeincrediblyeasy,Rights and Permissions
nursingmadeincrediblyeasy,Journal Info
nursingmadeincrediblyeasy,Open Access
nursingmanagement,Articles & Issues
nursingmanagement,Archive
nursingmanagement,Published Ahead-of-Print
nursingmanagement,CE
nursingmanagement,Online Exclusives
nursingmanagement,Are male nurses emotionally intelligent?
nursingmanagement,Collections
nursingmanagement,Equipment Purchasing
nursingmanagement,Executive Extra
nursingmanagement,For New Managers
nursingmanagement,Hospital Redesign
nursingmanagement,Infection Control
nursingmanagement,Magnetic Pull
nursingmanagement,Original Research
nursingmanagement,Patient Safety
nursingmanagement,Info & Services
nursingmanagement,About the Publication
nursingmanagement,Editorial Board
nursingmanagement,Affiliated Societies
nursingmanagement,Subscription Services
nursingmanagement,Advertising
nursingmanagement,Information for Authors
nursingmanagement,Reprints
nursingmanagement,Rights and Permissions
nursingmanagement,Journal Info
nursingmanagement,Open Access
nursingresearchonline,Articles & Issues
nursingresearchonline,Current Issue
nursingresearchonline,Previous Issues
nursingresearchonline,Published Ahead-of-Print
nursingresearchonline,Collections
nursingresearchonline,Calls for Papers
nursingresearchonline,For Authors & Reviewers
nursingresearchonline,Information for Authors
nursingresearchonline,Reviewer Guidelines
nursingresearchonline,Language Editing Services
nursingresearchonline,Open Manuscript Review
nursingresearchonline,List of Reviewers
nursingresearchonline,Editorial Commentary
nursingresearchonline,Register Your RCT
nursingresearchonline,Register Your Systematic Review or Meta-Analysis
nursingresearchonline,Journal Info
nursingresearchonline,About the Journal
nursingresearchonline,Editorial Board
nursingresearchonline,Affiliated Society
nursingresearchonline,Advertising
nursingresearchonline,Open Access
nursingresearchonline,Subscription Services
nursingresearchonline,Reprints
nursingresearchonline,Rights and Permissions
nutritiontodayonline,Articles & Issues
nutritiontodayonline,Current Issue
nutritiontodayonline,Previous Issues
nutritiontodayonline,Published Ahead-of-Print
nutritiontodayonline,Collections
nutritiontodayonline,Topical Collections
nutritiontodayonline,CE
nutritiontodayonline,For Authors
nutritiontodayonline,Information for Authors
nutritiontodayonline,Language Editing Services
nutritiontodayonline,Journal Info
nutritiontodayonline,About the Journal
nutritiontodayonline,Editorial Board
nutritiontodayonline,Advertising
nutritiontodayonline,Open Access
nutritiontodayonline,Subscription Services
nutritiontodayonline,Reprints
nutritiontodayonline,Rights and Permissions
obgynsurvey,Articles & Issues
obgynsurvey,Current Issue
obgynsurvey,Previous Issues
obgynsurvey,For Authors
obgynsurvey,Information for Authors
obgynsurvey,Language Editing Services
obgynsurvey,Journal Info
obgynsurvey,About the Journal
obgynsurvey,Editorial Board
obgynsurvey,Advertising
obgynsurvey,Open Access
obgynsurvey,Subscription Services
obgynsurvey,Reprints
obgynsurvey,Rights and Permissions
obstetricanesthesia,Articles & Issues
obstetricanesthesia,Current Issue
obstetricanesthesia,Previous Issues
obstetricanesthesia,Collections
obstetricanesthesia,Obstetric Airway Management
obstetricanesthesia,Maternal Embolism
obstetricanesthesia,Regional Anesthesia for Cesarean Section
obstetricanesthesia,General Anesthesia for Cesarean Section
obstetricanesthesia,Analgesia for Labor
obstetricanesthesia,Obstetric Hemorrhage
obstetricanesthesia,Pre-Eclampsia/Eclampsia
obstetricanesthesia,Pharmacology
obstetricanesthesia,Trauma
obstetricanesthesia,Infection and Sepsis
obstetricanesthesia,Maternal Obesity
obstetricanesthesia,Maternl Morbidity and Mortality
obstetricanesthesia,Neonatal Morbidity and Mortality
obstetricanesthesia,Obstetric Complications
obstetricanesthesia,Anesthetic Complications
obstetricanesthesia,Non-Obstetric Maternal Disease
obstetricanesthesia,Critical Care
obstetricanesthesia,Drug Abuse in Pregnancy
obstetricanesthesia,Ethics
obstetricanesthesia,Systems Based Practice
obstetricanesthesia,For Authors
obstetricanesthesia,Information for Authors
obstetricanesthesia,Language Editing Services
obstetricanesthesia,Journal Info
obstetricanesthesia,About the Journal
obstetricanesthesia,Editorial Board
obstetricanesthesia,Advertising
obstetricanesthesia,Open Access
obstetricanesthesia,Subscription Services
obstetricanesthesia,Reprints
obstetricanesthesia,Rights and Permissions
onsonline,Articles & Issues
onsonline,Current Issue
onsonline,Previous Issues
onsonline,Published Ahead-of-Print
onsonline,Collections
onsonline,3-D Video
onsonline,Complication
onsonline,Editor's Choice
onsonline,Instrumentation and Technique
onsonline,Instrumentation Assessment
onsonline,Operative Nuances
onsonline,Operative Technique
onsonline,Spine Collection
onsonline,Surgical Anatomy and Technique
onsonline,Technical Case Report
onsonline,Technique Assessment
onsonline,Video
onsonline,For Authors
onsonline,Information for Authors
onsonline,Language Editing Services
onsonline,Journal Info
onsonline,About the Journal
onsonline,Editorial Board
onsonline,Advertising
onsonline,Subscription Services
onsonline,Reprints
onsonline,Open Access
onsonline,Rights and Permissions
op-rs,Articles & Issues
op-rs,Current Issue
op-rs,Previous Issues
op-rs,Published Ahead-of-Print
op-rs,Collections
op-rs,Videos
op-rs,For Authors
op-rs,Information for Authors
op-rs,Information for Reviewers
op-rs,Language Editing Services
op-rs,Journal Info
op-rs,About the Journal
op-rs,Editorial Board
op-rs,Advertising
op-rs,Open Access
op-rs,Subscription Services
op-rs,Reprints
op-rs,Rights and Permissions
optvissci,Articles & Issues
optvissci,Current Issue
optvissci,Previous Issues
optvissci,Pre-Publication
optvissci,Collections
optvissci,For Authors
optvissci,Information for Authors
optvissci,Language Editing Services
optvissci,Journal Info
optvissci,About the Journal
optvissci,Editorial Board
optvissci,Society
optvissci,Advertising
optvissci,Open Access
optvissci,Subscription Services
optvissci,Reprints
optvissci,Rights and Permissions
orthopaedicnursing,Articles & Issues
orthopaedicnursing,Current Issue
orthopaedicnursing,Previous Issues
orthopaedicnursing,Published Ahead-of-Print
orthopaedicnursing,Collections
orthopaedicnursing,CE
orthopaedicnursing,For Authors
orthopaedicnursing,Information for Authors
orthopaedicnursing,Language Editing Services
orthopaedicnursing,Journal Info
orthopaedicnursing,About the Journal
orthopaedicnursing,Editorial Board
orthopaedicnursing,Affiliated Society
orthopaedicnursing,Advertising
orthopaedicnursing,Open Access
orthopaedicnursing,Subscription Services
orthopaedicnursing,Reprints
orthopaedicnursing,Rights and Permissions
otology-neurotology,Articles & Issues
otology-neurotology,Current Issue
otology-neurotology,Previous Issues
otology-neurotology,Published Ahead-of-Print
otology-neurotology,Collections
otology-neurotology,For Authors
otology-neurotology,Information for Authors
otology-neurotology,Language Editing Services
otology-neurotology,Journal Info
otology-neurotology,About the Journal
otology-neurotology,Editorial Board
otology-neurotology,Affiliated Societies
otology-neurotology,Advertising
otology-neurotology,Open Access
otology-neurotology,Subscription Services
otology-neurotology,Reprints
otology-neurotology,Rights and Permissions
pain,Articles & Issues
pain,Current Issue
pain,Previous Issues - Archived Issues
pain,Previous Issues - Supplements
pain,Articles in Press
pain,Collections
pain,Press Releases
pain,PAIN 2016: Global Year Against Pain in the Joints
pain,Neuropathic Pain
pain,Orofacial Pain
pain,Headache
pain,Supplements
pain,Videos
pain,For Authors
pain,Information for Authors
pain,Language Editing Services
pain,Journal Info
pain,About the Journal
pain,Editorial Board
pain,IASP
pain,Advertising
pain,Subscription Services
pain,Reprints
pain,Open Access
pain,Rights and Permissions
pain,Information for Reviewers
painrpts,Articles & Issues
painrpts,Current Issue
painrpts,Latest Articles
painrpts,Previous Issues
painrpts,For Authors
painrpts,Submit Your Manuscript
painrpts,Instructions for Authors
painrpts,Benefits for Authors
painrpts,Language Editing Services
painrpts,Open Access
painrpts,Journal Info
painrpts,About the Journal
painrpts,About the IASP
painrpts,Editorial Board
painrpts,Advertising
painrpts,Reprints
painrpts,Open Access
pancreasjournal,Articles & Issues
pancreasjournal,Current Issue
pancreasjournal,Previous Issues
pancreasjournal,Published Ahead-of-Print
pancreasjournal,Collections
pancreasjournal,Autoimmune Pancreatitis
pancreasjournal,NANETS Guidelines
pancreasjournal,NANETS Meeting Abstracts
pancreasjournal,For Authors
pancreasjournal,Information for Authors
pancreasjournal,Language Editing Services
pancreasjournal,Journal Info
pancreasjournal,About the Journal
pancreasjournal,Editorial Board
pancreasjournal,Affiliated Society
pancreasjournal,Advertising
pancreasjournal,Open Access
pancreasjournal,Subscription Services
pancreasjournal,Reprints
pancreasjournal,Rights and Permissions
pathologycasereviews,Articles & Issues
pathologycasereviews,Current Issue
pathologycasereviews,Previous Issues
pathologycasereviews,For Authors
pathologycasereviews,Information for Authors
pathologycasereviews,Language Editing Services
pathologycasereviews,Journal Info
pathologycasereviews,About the Journal
pathologycasereviews,Editorial Board
pathologycasereviews,Advertising
pathologycasereviews,Open Access
pathologycasereviews,Subscription Services
pathologycasereviews,Reprints
pathologycasereviews,Rights and Permissions
pathologyrcpa,Articles & Issues
pathologyrcpa,Current Issue
pathologyrcpa,Previous Issues
pathologyrcpa,Published Ahead-of-Print
pathologyrcpa,Collections
pathologyrcpa,For Authors
pathologyrcpa,Information for Authors
pathologyrcpa,Language Editing Services
pathologyrcpa,Journal Info
pathologyrcpa,About the Journal
pathologyrcpa,About the College
pathologyrcpa,Editorial Board
pathologyrcpa,Journal Staff and Contacts
pathologyrcpa,Advertising
pathologyrcpa,Open Access
pathologyrcpa,Subscription Services
pathologyrcpa,Reprints
pathologyrcpa,Rights and Permissions
pccmjournal,Articles & Issues
pccmjournal,Current Issue
pccmjournal,Previous Issues
pccmjournal,Published Ahead-of-Print
pccmjournal,Collections
pccmjournal,Podcasts
pccmjournal,For Authors
pccmjournal,Information for Authors
pccmjournal,Language Editing Services
pccmjournal,Journal Info
pccmjournal,About the Journal
pccmjournal,Editorial Board
pccmjournal,Affiliated Societies
pccmjournal,Advertising
pccmjournal,Open Access
pccmjournal,Subscription Services
pccmjournal,Reprints
pccmjournal,Rights and Permissions
pec-online,Articles & Issues
pec-online,Current Issue
pec-online,Previous Issues
pec-online,Published Ahead-of-Print
pec-online,Collections
pec-online,IT in the ED
pec-online,Pick Your Poison
pec-online,Ultrasound Case Reviews
pec-online,For Authors
pec-online,Information for Authors
pec-online,Language Editing Services
pec-online,Journal Info
pec-online,About the Journal
pec-online,Editorial Board
pec-online,Advertising
pec-online,Open Access
pec-online,Subscription Services
pec-online,Reprints
pec-online,Rights and Permissions
pedorthopaedics,Articles & Issues
pedorthopaedics,Current Issue
pedorthopaedics,Previous Issues
pedorthopaedics,Published Ahead-of-Print
pedorthopaedics,Collections
pedorthopaedics,For Authors
pedorthopaedics,Information for Authors
pedorthopaedics,Language Editing Services
pedorthopaedics,Journal Info
pedorthopaedics,About the Journal
pedorthopaedics,Editorial Board
pedorthopaedics,Affiliated Societies
pedorthopaedics,Advertising
pedorthopaedics,Open Access
pedorthopaedics,Subscription Services
pedorthopaedics,Reprints
pedorthopaedics,Rights and Permissions
pedpt,Articles & Issues
pedpt,Current Issue
pedpt,Previous Issues
pedpt,Published Ahead-of-Print
pedpt,Collections
pedpt,Podcasts
pedpt,For Authors
pedpt,Information for Authors
pedpt,Language Editing Services
pedpt,Journal Info
pedpt,About the Journal
pedpt,Editorial Board
pedpt,Review Board
pedpt,Advertising
pedpt,Open Access
pedpt,Subscription Services
pedpt,Reprints
pedpt,Rights and Permissions
poctjournal,Articles & Issues
poctjournal,Current Issue
poctjournal,Previous Issues
poctjournal,For Authors
poctjournal,Information for Authors
poctjournal,Language Editing Services
poctjournal,Journal Info
poctjournal,About the Journal
poctjournal,Editorial Board
poctjournal,Advertising
poctjournal,Open Access
poctjournal,Subscription Services
poctjournal,Reprints
poctjournal,Rights and Permissions
postgradobgyn,Articles & Issues
postgradobgyn,Current Issue
postgradobgyn,Previous Issues
postgradobgyn,CME
postgradobgyn,For Authors
postgradobgyn,Information for Authors
postgradobgyn,Editing Services
postgradobgyn,Journal Info
postgradobgyn,About the Journal
postgradobgyn,Editorial Board
postgradobgyn,Advertising
postgradobgyn,Open Access
postgradobgyn,Subscription Services
postgradobgyn,Reprints
postgradobgyn,Rights and Permissions
pqs,Articles & Issues
pqs,Latest Articles
pqs,Current Issue
pqs,Previous Issues
pqs,For Authors
pqs,Submit Your Manuscript
pqs,Information to Authors
pqs,Editorial, Legal, and Ethical Policies
pqs,Language Editing Services
pqs,Benefits for Authors
pqs,Open Access
pqs,Journal Info
pqs,About the Journal
pqs,Editorial Board
pqs,Instructions to Authors
pqs,Advertising
pqs,Reprints
pqs,Open Access
practicalpsychiatry,Articles & Issues
practicalpsychiatry,Current Issue
practicalpsychiatry,Previous Issues
practicalpsychiatry,Published Ahead-of-Print
practicalpsychiatry,Collections
practicalpsychiatry,For Authors
practicalpsychiatry,Information for Authors
practicalpsychiatry,Language Editing Services
practicalpsychiatry,Journal Info
practicalpsychiatry,About the Journal
practicalpsychiatry,Editorial Board
practicalpsychiatry,Advertising
practicalpsychiatry,Open Access
practicalpsychiatry,Subscription Services
practicalpsychiatry,Reprints
practicalpsychiatry,Rights and Permissions
proffesionalcasemanagmentjourna,Articles & Issues
proffesionalcasemanagmentjourna,Current Issue
proffesionalcasemanagmentjourna,Previous Issues
proffesionalcasemanagmentjourna,Published Ahead-of-Print
proffesionalcasemanagmentjourna,CE
proffesionalcasemanagmentjourna,Collections
proffesionalcasemanagmentjourna,For Authors
proffesionalcasemanagmentjourna,Information for Authors
proffesionalcasemanagmentjourna,Language Editing Services
proffesionalcasemanagmentjourna,Additional Resources
proffesionalcasemanagmentjourna,Case Management Books
proffesionalcasemanagmentjourna,Journal Info
proffesionalcasemanagmentjourna,About the Journal
proffesionalcasemanagmentjourna,Editorial Board
proffesionalcasemanagmentjourna,Advertising
proffesionalcasemanagmentjourna,Open Access
proffesionalcasemanagmentjourna,Subscription Services
proffesionalcasemanagmentjourna,Reprints
proffesionalcasemanagmentjourna,Rights and Permissions
progprevmed,Articles & Issues
progprevmed,Current Issue
progprevmed,Previous Issues
progprevmed,For Authors
progprevmed,Information for Authors
progprevmed,Language Editing Services
progprevmed,Journal Info
progprevmed,Aims and Scope
progprevmed,Editorial Board
progprevmed,Open Access
progprevmed,Instructions for Authors
progprevmed,Affiliated Societies
progprevmed,Advertising
progprevmed,Reprints
psnjournalonline,Articles & Issues
psnjournalonline,Current Issue
psnjournalonline,Previous Issues
psnjournalonline,Collections
psnjournalonline,Topical Collections
psnjournalonline,CE
psnjournalonline,For Authors
psnjournalonline,Information for Authors
psnjournalonline,Language Editing Services
psnjournalonline,Journal Info
psnjournalonline,About the Journal
psnjournalonline,Editorial Board
psnjournalonline,Affiliated Society
psnjournalonline,Advertising
psnjournalonline,Open Access
psnjournalonline,Subscription Services
psnjournalonline,Reprints
psnjournalonline,Rights and Permissions
psychgenetics,Articles & Issues
psychgenetics,Current Issue
psychgenetics,Previous Issues
psychgenetics,Published Ahead-of-Print
psychgenetics,For Authors
psychgenetics,Information for Authors
psychgenetics,Language Editing Services
psychgenetics,Journal Info
psychgenetics,About the Journal
psychgenetics,Editorial Board
psychgenetics,Advertising
psychgenetics,Open Access
psychgenetics,Subscription Services
psychgenetics,Reprints
psychgenetics,Rights and Permissions
psychopharmacology,Articles & Issues
psychopharmacology,Current Issue
psychopharmacology,Previous Issues
psychopharmacology,Published Ahead-of-Print
psychopharmacology,Collections
psychopharmacology,Blog
psychopharmacology,For Authors
psychopharmacology,Information for Authors
psychopharmacology,Language Editing Services
psychopharmacology,Journal Info
psychopharmacology,About the Journal
psychopharmacology,Editorial Board
psychopharmacology,Advertising
psychopharmacology,Open Access
psychopharmacology,Subscription Services
psychopharmacology,Reprints
psychopharmacology,Rights and Permissions
psychosomaticmedicine,Articles & Issues
psychosomaticmedicine,Current Issue
psychosomaticmedicine,Previous Issues
psychosomaticmedicine,Published Ahead-of-Print
psychosomaticmedicine,Collections
psychosomaticmedicine,Podcasts
psychosomaticmedicine,For Authors
psychosomaticmedicine,Information for Authors
psychosomaticmedicine,Language Editing Services
psychosomaticmedicine,Journal Info
psychosomaticmedicine,About the Journal
psychosomaticmedicine,About the Society
psychosomaticmedicine,Editorial Board
psychosomaticmedicine,Publication Staff Contacts
psychosomaticmedicine,Advertising
psychosomaticmedicine,Subscription Services
psychosomaticmedicine,Reprints
psychosomaticmedicine,Open Access
psychosomaticmedicine,Rights and Permissions
